Название,Вес,Время,Количество повторений,Количество подходов,Время отдыха между повторениями,Краткое описание,Целевые мышцы,Рейтинг упражнения,Оригинальное название на английском,Сложность,Частые ошибки
Жим штанги лёжа,30,0,6,3,120,"Лягте на скамью, лопатки сведены, стопы упираются; опустите штангу к нижней груди и выжмите вверх, не теряя напряжение.",грудь/плечи/трицепс,3.7,Barbell bench press,Средний,Развод локтей; отрыв стоп; отскок от груди; гиперпрогиб в пояснице; неполная пауза.
Жим гантелей на наклонной скамье,4,0,6,5,180,"Лягте на наклон 30–45°, гантели у груди; выжмите по дуге вверх и сведите без удара, опускайте контролируемо.",верхняя грудь/плечи,4.1,Incline dumbbell press,Средний,Сведение с ударом; провал плеч; опускание слишком низко; потеря контроля лопаток.
Разводка гантелей лёжа,6,0,6,3,90,"Лягте на скамью, лёгкий сгиб в локтях; разводите руки по широкой дуге до растяжения груди и сводите обратно.",грудь,4.4,Dumbbell flye,Новичок,Слишком прямые руки; рывки; чрезмерный вес; превращение движения в жим.
Сведение рук в кроссовере,20,0,15,3,180,"Встаньте между блоками, корпус слегка наклонён; сводите рукояти по дуге перед грудью, контролируя растяжение и сокращение.",грудь,4.2,Cable crossover,Новичок,Скручивание корпуса; рывки; сведение за счёт плеч; неверная высота траектории.
Подтягивания,0,0,10,3,90,"Возьмитесь за перекладину пронированным хватом, корпус стабилен; тянитесь грудью к перекладине, опускайтесь до полного выпрямления рук.",спина/бицепс,3.7,Pull-up,Средний,Недоразгибание локтей; раскачка; подбородок не выше перекладины; не сводите лопатки.
Тяга верхнего блока,20,0,10,3,60,"Возьмитесь широким хватом, грудь вперёд; тяните рукоять к верхней груди, сводя лопатки, поднимайте руки контролируемо.",широчайшие/бицепс,4.0,Lat pulldown,Новичок,Тяга за голову; чрезмерный прогиб; работа руками вместо спины; отбивание веса.
Тяга штанги в наклоне,20,0,10,5,120,"Станьте в наклон 30–45°, спина нейтральна; тяните штангу к нижней части живота, сводя лопатки, опускайте без рывков.",спина/задняя дельта,4.3,Bent-over barbell row,Средний,Круглая спина; подрыв корпусом; траектория слишком высоко; отсутствие паузы.
Гребля на тренажёре,30,45,0,3,180,"Сядьте, стопы закреплены, спина нейтральна; толчок ногами, затем тяга к солнечному сплетению, верните в обратной последовательности.",спина/кардио,4.8,Rowing machine,Новичок,Тянуть одними руками; ранний подсрыв корпусом; провал колен внутрь; сгибание запястий.
Становая тяга,20,0,10,5,90,"Стопы на ширине таза, гриф над серединой стопы; держите спину нейтральной, поднимайте штангу, разгибая колени и бёдра одновременно.",задняя цепь/спина/ягодицы,4.5,Deadlift,Продвинутый,Округление поясницы; гриф далеко от тела; рывок с пола; перезалом вверху.
Румынская тяга,20,0,10,3,90,"Штанга в руках, колени мягкие; отведите таз назад, опуская штангу вдоль бёдер до натяжения задней поверхности, затем вернитесь.",бёдра/ягодицы,3.9,Romanian deadlift,Средний,Сильный сгиб коленей; гриф далеко от ног; гиперпрогиб; короткая амплитуда.
Приседания со штангой,40,0,10,3,120,"Стойка на ширине плеч, корпус напряжён; присядьте до параллели, колени по траектории носков, встаньте, сохраняя нейтральную спину.",квадрицепсы/ягодицы/кор,4.5,Back squat,Средний,Колени заваливаются; пятки отрываются; округление спины; непостоянная глубина.
Жим ногами,50,0,6,5,90,"Стопы на платформе, поясница прижата; опускайте платформу до угла 90° в коленях и выжимайте, не выпрямляя колени в «замок».",квадрицепсы/ягодицы,3.7,Leg press,Новичок,Сведение колен; отрыв поясницы; замок в коленях; слишком узкая постановка.
Выпады,6,0,12,4,180,"Сделайте широкий шаг вперёд; опуститесь до прямого угла в колене передней ноги, толкнитесь пяткой и вернитесь.",ягодицы/квадрицепсы,4.8,Lunge,Новичок,Колено заваливается; шаг слишком короткий; чрезмерный наклон корпуса; толчок носком.
Гакк-присед,30,0,6,3,60,"Спина прижата к спинке, стопы чуть впереди; присядьте до параллели и выжмите, держа колени в линии носков.",квадрицепсы,3.9,Hack squat,Средний,Отрыв пяток; колени слишком вперёд; прогиб поясницы; короткая амплитуда.
Сгибания ног лёжа,20,0,8,5,120,"Лягте лицом вниз, валики над пятками; сгибайте колени до полного сокращения бицепса бедра и опускайте контролируемо.",бицепс бедра,4.1,Lying leg curl,Новичок,Отрыв таза; рывки; движение тазом; отсутствие паузы.
Разгибания ног,20,0,12,3,120,"Сядьте, валик над голенями; разгибайте колени до верхней точки без рывка, опускайте с контролем.",квадрицепсы,4.6,Leg extension,Новичок,Рывки; чрезмерный вес; разведение колен; болтающиеся стопы.
Подъёмы на носки,40,0,15,4,180,"Встаньте носками на платформу; поднимайтесь на носки, делая паузу вверху, опускайтесь до растяжения икр.",икры,4.1,Calf raise,Новичок,Короткая амплитуда; пружинение; согнутые колени; разворот носков без контроля.
Жим штанги стоя,50,0,8,3,180,"Стойка на ширине плеч, корпус напряжён; выжмите штангу над головой по прямой и опустите под контроль.",плечи/трицепс,4.6,Overhead press,Средний,Гиперпрогиб поясницы; дуга траектории; локти назад; задержка дыхания.
Жим гантелей сидя,20,0,6,3,90,"Сядьте, лопатки сведены; выжимайте гантели вверх по дуге и опускайте до уровня ушей.",плечи,4.4,Seated dumbbell shoulder press,Средний,Сведение с ударом; отрыв поясницы; опускание слишком низко.
Махи гантелями в стороны,10,0,12,4,180,"Встаньте прямо, лёгкий наклон корпуса; поднимайте гантели в стороны до уровня плеч, ведите локтем, опускайте медленно.",средняя дельта,3.9,Dumbbell lateral raise,Новичок,Читинг корпусом; чрезмерные веса; внутренний поворот плеча.
Тяга к подбородку,60,0,15,3,60,"Возьмитесь узким хватом; тяните штангу вдоль корпуса до верхней груди/ключиц, локти выше грифа, опускайте плавно.",плечи/трапеции,4.7,Upright row,Средний,Слишком узкий хват; подъём слишком высоко; излом запястий.
Шраги,10,0,10,3,120,"Держите гантели по бокам; поднимайте плечи вверх к ушам, делая короткую паузу, опускайте полностью.",трапеции,4.2,Shrug,Новичок,Вращение плечами; короткая амплитуда; чрезмерный вес с читингом.
Подъём на бицепс со штангой,60,0,10,5,90,"Стойка стабильна, локти у корпуса; сгибайте руки, не раскачивая корпус, опускайте под контролем.",бицепс,4.8,Barbell biceps curl,Новичок,Раскачка корпусом; локти уходят вперёд; частичная амплитуда.
Подъём на бицепс молот,12,0,10,5,180,"Хват нейтральный, локти у корпуса; поднимайте гантели, сохраняя предплечья в нейтрали, опускайте медленно.",бицепс/предплечья,3.7,Hammer curl,Новичок,Локти отходят; махи; неконтролируемая эксцентрика.
Концентрированный подъём на бицепс,4,0,8,5,180,"Сядьте, упёрев локоть в бедро; поднимайте гантель к плечу, делая паузу вверху, опускайте контролируемо.",бицепс,4.0,Concentration curl,Новичок,Движение плечом; потеря фиксации локтя; скручивание корпуса.
Французский жим,40,0,6,3,120,"Лягте на скамью, штанга над грудью; сгибайте руки, опуская гриф к лбу/за голову, разогните до полного сокращения трицепса.",трицепс,3.6,Lying triceps extension,Средний,Локти расходятся; опускание на лоб; гиперпрогиб в пояснице.
Разгибания на блоке,20,0,15,3,60,"Встаньте у верхнего блока, локти прижаты; разгибайте руки вниз до полного выпрямления и возвращайте без раскачки.",трицепс,5.0,Triceps pushdown,Новичок,Локти уходят от корпуса; раскачка; перегиб кистей.
Отжимания на брусьях,0,0,15,3,90,"Опирайтесь на брусья, корпус слегка наклонён; опускайтесь до параллели плеч с локтями, выжимайтесь вверх.",грудь/трицепс,4.3,Dip,Средний,Сильный провал в плечах; чрезмерная глубина; разброс локтей.
Отжимания,0,0,15,4,90,"Упритесь ладонями под плечами, корпус прямой; опуститесь до касания грудью/90° в локтях, выжмитесь вверх.",грудь/плечи/трицепс,5.0,Push-up,Новичок,Провисание корпуса; локти сильно в стороны; неполная амплитуда.
Скручивания,0,0,10,4,180,"Лягте на спину, колени согнуты; подкручивайте грудную клетку к тазу, не тяните шею, делайте короткую паузу вверху.",пресс,3.8,Crunch,Новичок,Тянуть шею руками; рывки; большой размах вместо подкручивания.
Подъём ног в висе,0,0,10,3,180,"Повисните на перекладине; поднимайте прямые ноги/колени к груди, удерживая таз подкрученным, опускайте медленно.",нижний пресс,3.6,Hanging leg raise,Средний,Махи ногами; прогиб поясницы; отсутствие подкрутки таза.
Планка,0,90,0,3,90,"Опуститесь на предплечья, корпус прямой; держите нейтральную спину и напряжённый кор, не провисайте.",кор,3.6,Plank,Новичок,Провисание поясницы; поднятый таз; разведение лопаток.
Русский твист,0,30,0,4,150,"Сядьте, корпус слегка отклонён; поворачивайте плечевой пояс и таз синхронно, касаясь пола по сторонам.",косые мышцы живота,4.4,Russian twist,Новичок,Скругление спины; вращение одними руками; слишком быстрый темп.
Берпи,0,30,0,4,150,"Из стойки сделайте упор лёжа, отожмитесь; подпрыгните вверх с руками над головой.",всё тело/кардио,4.5,Burpee,Средний,Плохая техника отжимания; колени заваливаются при прыжке; отсутствие фиксации вверху.
Скакалка,0,40,0,4,150,Держите локти близко к корпусу; вращайте верёвку кистями и приземляйтесь на носки мягко и ритмично.,кардио/икры,3.6,Jump rope,Новичок,Слишком высокие прыжки; вращение плечами; жёсткая посадка на пятку.
Тяга каната к лицу,10,0,10,3,90,"Встаньте у блока с канатом; тяните к лицу, разводя кисти и сводя лопатки, держите локти высоко.",задняя дельта/верх спины,4.3,Face pull,Новичок,Локти низко; тянуть руками без лопаток; нет разведения кистей.
Обратные разведения в тренажёре,30,0,8,4,90,"Сядьте лицом к тренажёру; разводите рукояти, сводя лопатки, удерживайте паузу и возвращайте контролируемо.",задняя дельта,3.9,Reverse pec deck,Новичок,Работает трапеция вместо дельт; рывки; нет паузы в пик-сокращении.
Тяга гантели в наклоне,4,0,6,4,180,"Упритесь коленом и рукой в скамью; тяните гантель к тазу, сводя лопатки, опускайте без рывка.",широчайшие/средняя спина,4.5,Dumbbell row,Средний,Скручивание корпуса; рывки; тяга к плечу вместо к тазу.
Хип-траст,30,0,15,3,60,"Плечи на скамье, штанга на тазе; поднимайте таз до линии корпус–бёдра, делая паузу вверху, опускайте.",ягодицы,4.1,Hip thrust,Новичок,Чрезмерный прогиб; короткая пауза; неверная постановка стоп.
Ягодичный мост,0,0,12,3,150,"Лягте на спину, стопы ближе к тазу; поднимайте таз, сжимая ягодицы, опускайте, сохраняя нейтральную спину.",ягодицы,3.5,Glute bridge,Новичок,Толчок поясницей; неполная амплитуда; колени гуляют.
Трастеры,40,45,0,4,150,"Присядьте со штангой на груди и взрывно выжмите её над головой, возвращаясь в стойку контролируемо.",всё тело,4.5,Thruster,Продвинутый,Ранний пресс до выпрямления ног; дуга грифа; колени заваливаются.
Жим Арнольда,6,0,15,5,150,"Сидя, начните с гантелями у груди ладонями к себе; вращая кисти, выжмите вверх до полного разгибания и опустите обратно.",плечи,3.9,Arnold press,Средний,Сваливание локтей; сведение с ударом; излишний прогиб.
Фермерская прогулка,4,20,0,5,180,"Возьмите тяжёлые гантели, корпус высокий; идите ровно короткими шагами, удерживая кор и нейтральную спину.",хват/кор/трапеции,3.6,Farmer's walk,Средний,Сутулость; переваливание корпуса; стук снарядов о ноги; задержка дыхания.
Гиперэкстензия,50,0,15,4,180,"Застегнитесь в римском стуле; поднимайте корпус до линии с ногами, не переразгибая, опускайте контролируемо.",разгибатели спины/ягодицы,3.6,Back extension,Новичок,Переразгибание вверху; движение за счёт спины; слишком быстрый темп.
Кикбэк на трицепс с гантелью,8,0,12,3,90,"Наклоните корпус, локоть прижмите и поднимите вверх; разгибайте руку назад до полного сокращения трицепса, возвращайте плавно.",трицепс,4.4,Dumbbell triceps kickback,Новичок,Движение плечом; локоть опускается; чрезмерный вес.
Кикбэк на трицепс на блоке (канате),10,0,12,3,90,"Корпус в наклоне, локти фиксированы; разгибайте предплечья назад, разводя концы каната в конце амплитуды.",трицепс,4.5,Cable triceps kickback (rope),Новичок,Разведение локтей; движение корпусом; излом запястий.
Кикбэк на трицепс с опорой на скамью,6,0,15,4,60,Опирайтесь на скамью свободной рукой; из положения наклона разгибайте руку с гантелью назад до полного выпрямления.,трицепс,4.3,Bench-supported dumbbell triceps kickback,Новичок,Округление спины; локоть «уезжает»; махи.
Кикбэк на трицепс в наклоне (поочерёдно),6,0,12,4,60,"В наклоне разгибайте поочерёдно каждую руку назад, фиксируя локоть и избегая раскачки корпуса.",трицепс,4.4,Alternating dumbbell triceps kickback,Новичок,Раскачка корпусом; опускание локтя; неполная амплитуда.
Жим штанги лёжа узким хватом,70,0,10,3,150,"Лягте на скамью, лопатки сведены, стопы упираются; опустите штангу к нижней груди и выжмите вверх, не теряя напряжение. Держите локти ближе к корпусу и контролируйте траекторию.",грудь/плечи/трицепс,3.5,Barbell bench press — close-grip,Средний,Развод локтей; отрыв стоп; отскок от груди; гиперпрогиб в пояснице; неполная пауза; отсутствует контроль темпа.
Жим гантелей на наклонной скамье поочерёдно,12,0,15,3,120,"Лягте на наклон 30–45°, гантели у груди; выжмите по дуге вверх и сведите без удара, опускайте контролируемо. Выполняйте руками поочерёдно, удерживая корпус стабильным.",верхняя грудь/плечи,3.8,Incline dumbbell press — alternating,Средний,Сведение с ударом; провал плеч; опускание слишком низко; потеря контроля лопаток; отсутствует контроль темпа.
Разводка гантелей лёжа поочерёдно,4,0,15,3,60,"Лягте на скамью, лёгкий сгиб в локтях; разводите руки по широкой дуге до растяжения груди и сводите обратно. Выполняйте руками поочерёдно, удерживая корпус стабильным.",грудь,4.4,Dumbbell flye — alternating,Новичок,Слишком прямые руки; рывки; чрезмерный вес; превращение движения в жим; отсутствует контроль темпа.
Сведение рук в кроссовере на верхнем блоке,25,0,6,3,60,"Встаньте между блоками, корпус слегка наклонён; сводите рукояти по дуге перед грудью, контролируя растяжение и сокращение. Держите корпус неподвижным, тяните лопатками.",грудь,4.2,Cable crossover — high pulley,Новичок,Скручивание корпуса; рывки; сведение за счёт плеч; неверная высота траектории; отсутствует контроль темпа.
Подтягивания с отягощением,10,0,15,3,90,"Возьмитесь за перекладину пронированным хватом, корпус стабилен; тянитесь грудью к перекладине, опускайтесь до полного выпрямления рук. Добавьте пояс/жилет с весом, сохраняйте технику.",спина/бицепс,3.8,Pull-up — weighted,Средний,Недоразгибание локтей; раскачка; подбородок не выше перекладины; не сводите лопатки; отсутствует контроль темпа.
Тяга верхнего блока на верхнем блоке,20,0,6,5,180,"Возьмитесь широким хватом, грудь вперёд; тяните рукоять к верхней груди, сводя лопатки, поднимайте руки контролируемо. Держите корпус неподвижным, тяните лопатками.",широчайшие/бицепс,3.7,Lat pulldown — high pulley,Новичок,Тяга за голову; чрезмерный прогиб; работа руками вместо спины; отбивание веса; отсутствует контроль темпа.
Тяга штанги в наклоне узким хватом,30,0,8,3,180,"Станьте в наклон 30–45°, спина нейтральна; тяните штангу к нижней части живота, сводя лопатки, опускайте без рывков. Держите локти ближе к корпусу и контролируйте траекторию.",спина/задняя дельта,4.2,Bent-over barbell row — close-grip,Средний,Круглая спина; подрыв корпусом; траектория слишком высоко; отсутствие паузы; отсутствует контроль темпа.
Гребля на тренажёре с паузой у груди/внизу,50,30,0,5,60,"Сядьте, стопы закреплены, спина нейтральна; толчок ногами, затем тяга к солнечному сплетению, верните в обратной последовательности. Короткая пауза у ограничителя, не отбивайте вес.",спина/кардио,4.7,Rowing machine — with bottom pause,Средний,Тянуть одними руками; ранний подсрыв корпусом; провал колен внутрь; сгибание запястий; отсутствует контроль темпа.
Становая тяга узким хватом,60,0,8,3,180,"Стопы на ширине таза, гриф над серединой стопы; держите спину нейтральной, поднимайте штангу, разгибая колени и бёдра одновременно. Держите локти ближе к корпусу и контролируйте траекторию.",задняя цепь/спина/ягодицы,4.6,Deadlift — close-grip,Продвинутый,Округление поясницы; гриф далеко от тела; рывок с пола; перезалом вверху; отсутствует контроль темпа.
Румынская тяга узким хватом,70,0,10,3,180,"Штанга в руках, колени мягкие; отведите таз назад, опуская штангу вдоль бёдер до натяжения задней поверхности, затем вернитесь. Держите локти ближе к корпусу и контролируйте траекторию.",бёдра/ягодицы,3.6,Romanian deadlift — close-grip,Средний,Сильный сгиб коленей; гриф далеко от ног; гиперпрогиб; короткая амплитуда; отсутствует контроль темпа.
Приседания со штангой узким хватом,50,0,6,5,90,"Стойка на ширине плеч, корпус напряжён; присядьте до параллели, колени по траектории носков, встаньте, сохраняя нейтральную спину. Держите локти ближе к корпусу и контролируйте траекторию.",квадрицепсы/ягодицы/кор,4.6,Back squat — close-grip,Средний,Колени заваливаются; пятки отрываются; округление спины; непостоянная глубина; отсутствует контроль темпа.
Жим ногами с паузой у груди/внизу,50,0,12,4,150,"Стопы на платформе, поясница прижата; опускайте платформу до угла 90° в коленях и выжимайте, не выпрямляя колени в «замок». Короткая пауза у ограничителя, не отбивайте вес.",квадрицепсы/ягодицы,4.0,Leg press — with bottom pause,Средний,Сведение колен; отрыв поясницы; замок в коленях; слишком узкая постановка; отсутствует контроль темпа.
Выпады поочерёдно,20,0,10,4,90,"Сделайте широкий шаг вперёд; опуститесь до прямого угла в колене передней ноги, толкнитесь пяткой и вернитесь. Выполняйте руками поочерёдно, удерживая корпус стабильным.",ягодицы/квадрицепсы,4.6,Lunge — alternating,Новичок,Колено заваливается; шаг слишком короткий; чрезмерный наклон корпуса; толчок носком; отсутствует контроль темпа.
Гакк-присед с паузой у груди/внизу,30,0,8,3,180,"Спина прижата к спинке, стопы чуть впереди; присядьте до параллели и выжмите, держа колени в линии носков. Короткая пауза у ограничителя, не отбивайте вес.",квадрицепсы,3.9,Hack squat — with bottom pause,Средний,Отрыв пяток; колени слишком вперёд; прогиб поясницы; короткая амплитуда; отсутствует контроль темпа.
Сгибания ног лёжа с паузой у груди/внизу,30,0,10,5,150,"Лягте лицом вниз, валики над пятками; сгибайте колени до полного сокращения бицепса бедра и опускайте контролируемо. Короткая пауза у ограничителя, не отбивайте вес.",бицепс бедра,4.2,Lying leg curl — with bottom pause,Средний,Отрыв таза; рывки; движение тазом; отсутствие паузы; отсутствует контроль темпа.
Разгибания ног с паузой у груди/внизу,40,0,6,3,180,"Сядьте, валик над голенями; разгибайте колени до верхней точки без рывка, опускайте с контролем. Короткая пауза у ограничителя, не отбивайте вес.",квадрицепсы,4.4,Leg extension — with bottom pause,Средний,Рывки; чрезмерный вес; разведение колен; болтающиеся стопы; отсутствует контроль темпа.
Подъёмы на носки с паузой у груди/внизу,40,0,10,3,150,"Встаньте носками на платформу; поднимайтесь на носки, делая паузу вверху, опускайтесь до растяжения икр. Короткая пауза у ограничителя, не отбивайте вес.",икры,3.8,Calf raise — with bottom pause,Средний,Короткая амплитуда; пружинение; согнутые колени; разворот носков без контроля; отсутствует контроль темпа.
Жим штанги стоя узким хватом,40,0,6,5,180,"Стойка на ширине плеч, корпус напряжён; выжмите штангу над головой по прямой и опустите под контроль. Держите локти ближе к корпусу и контролируйте траекторию.",плечи/трицепс,4.5,Overhead press — close-grip,Средний,Гиперпрогиб поясницы; дуга траектории; локти назад; задержка дыхания; отсутствует контроль темпа.
Жим гантелей сидя поочерёдно,12,0,10,5,150,"Сядьте, лопатки сведены; выжимайте гантели вверх по дуге и опускайте до уровня ушей. Выполняйте руками поочерёдно, удерживая корпус стабильным.",плечи,4.6,Seated dumbbell shoulder press — alternating,Средний,Сведение с ударом; отрыв поясницы; опускание слишком низко; отсутствует контроль темпа.
Махи гантелями в стороны поочерёдно,10,0,6,3,120,"Встаньте прямо, лёгкий наклон корпуса; поднимайте гантели в стороны до уровня плеч, ведите локтем, опускайте медленно. Выполняйте руками поочерёдно, удерживая корпус стабильным.",средняя дельта,4.0,Dumbbell lateral raise — alternating,Новичок,Читинг корпусом; чрезмерные веса; внутренний поворот плеча; отсутствует контроль темпа.
Тяга к подбородку узким хватом,70,0,6,3,120,"Возьмитесь узким хватом; тяните штангу вдоль корпуса до верхней груди/ключиц, локти выше грифа, опускайте плавно. Держите локти ближе к корпусу и контролируйте траекторию.",плечи/трапеции,4.7,Upright row — close-grip,Средний,Слишком узкий хват; подъём слишком высоко; излом запястий; отсутствует контроль темпа.
Шраги поочерёдно,16,0,12,4,150,"Держите гантели по бокам; поднимайте плечи вверх к ушам, делая короткую паузу, опускайте полностью. Выполняйте руками поочерёдно, удерживая корпус стабильным.",трапеции,4.1,Shrug — alternating,Новичок,Вращение плечами; короткая амплитуда; чрезмерный вес с читингом; отсутствует контроль темпа.
Подъём на бицепс со штангой узким хватом,60,0,12,4,90,"Стойка стабильна, локти у корпуса; сгибайте руки, не раскачивая корпус, опускайте под контролем. Держите локти ближе к корпусу и контролируйте траекторию.",бицепс,4.6,Barbell biceps curl — close-grip,Средний,Раскачка корпусом; локти уходят вперёд; частичная амплитуда; отсутствует контроль темпа.
Подъём на бицепс молот поочерёдно,6,0,6,3,120,"Хват нейтральный, локти у корпуса; поднимайте гантели, сохраняя предплечья в нейтрали, опускайте медленно. Выполняйте руками поочерёдно, удерживая корпус стабильным.",бицепс/предплечья,3.8,Hammer curl — alternating,Новичок,Локти отходят; махи; неконтролируемая эксцентрика; отсутствует контроль темпа.
Концентрированный подъём на бицепс поочерёдно,4,0,12,4,150,"Сядьте, упёрев локоть в бедро; поднимайте гантель к плечу, делая паузу вверху, опускайте контролируемо. Выполняйте руками поочерёдно, удерживая корпус стабильным.",бицепс,3.8,Concentration curl — alternating,Новичок,Движение плечом; потеря фиксации локтя; скручивание корпуса; отсутствует контроль темпа.
Французский жим узким хватом,30,0,12,5,120,"Лягте на скамью, штанга над грудью; сгибайте руки, опуская гриф к лбу/за голову, разогните до полного сокращения трицепса. Держите локти ближе к корпусу и контролируйте траекторию.",трицепс,3.8,Lying triceps extension — close-grip,Средний,Локти расходятся; опускание на лоб; гиперпрогиб в пояснице; отсутствует контроль темпа.
Разгибания на блоке на верхнем блоке,15,0,15,4,150,"Встаньте у верхнего блока, локти прижаты; разгибайте руки вниз до полного выпрямления и возвращайте без раскачки. Держите корпус неподвижным, тяните лопатками.",трицепс,5.0,Triceps pushdown — high pulley,Новичок,Локти уходят от корпуса; раскачка; перегиб кистей; отсутствует контроль темпа.
Отжимания на брусьях с отягощением,0,0,12,3,90,"Опирайтесь на брусья, корпус слегка наклонён; опускайтесь до параллели плеч с локтями, выжимайтесь вверх. Добавьте пояс/жилет с весом, сохраняйте технику.",грудь/трицепс,4.1,Dip — weighted,Средний,Сильный провал в плечах; чрезмерная глубина; разброс локтей; отсутствует контроль темпа.
Отжимания с отягощением,0,0,8,5,90,"Упритесь ладонями под плечами, корпус прямой; опуститесь до касания грудью/90° в локтях, выжмитесь вверх. Добавьте пояс/жилет с весом, сохраняйте технику.",грудь/плечи/трицепс,5.0,Push-up — weighted,Средний,Провисание корпуса; локти сильно в стороны; неполная амплитуда; отсутствует контроль темпа.
Скручивания с отягощением,5,0,15,3,120,"Лягте на спину, колени согнуты; подкручивайте грудную клетку к тазу, не тяните шею, делайте короткую паузу вверху. Добавьте пояс/жилет с весом, сохраняйте технику.",пресс,3.5,Crunch — weighted,Средний,Тянуть шею руками; рывки; большой размах вместо подкручивания; отсутствует контроль темпа.
Подъём ног в висе с отягощением,10,0,12,5,120,"Повисните на перекладине; поднимайте прямые ноги/колени к груди, удерживая таз подкрученным, опускайте медленно. Добавьте пояс/жилет с весом, сохраняйте технику.",нижний пресс,3.6,Hanging leg raise — weighted,Средний,Махи ногами; прогиб поясницы; отсутствие подкрутки таза; отсутствует контроль темпа.
Планка с отягощением,10,30,0,5,180,"Опуститесь на предплечья, корпус прямой; держите нейтральную спину и напряжённый кор, не провисайте. Добавьте пояс/жилет с весом, сохраняйте технику.",кор,3.7,Plank — weighted,Средний,Провисание поясницы; поднятый таз; разведение лопаток; отсутствует контроль темпа.
Русский твист с отягощением,5,20,0,4,180,"Сядьте, корпус слегка отклонён; поворачивайте плечевой пояс и таз синхронно, касаясь пола по сторонам. Добавьте пояс/жилет с весом, сохраняйте технику.",косые мышцы живота,4.3,Russian twist — weighted,Средний,Скругление спины; вращение одними руками; слишком быстрый темп; отсутствует контроль темпа.
Берпи с отягощением,10,45,0,3,150,"Из стойки сделайте упор лёжа, отожмитесь; подпрыгните вверх с руками над головой. Добавьте пояс/жилет с весом, сохраняйте технику.",всё тело/кардио,4.4,Burpee — weighted,Средний,Плохая техника отжимания; колени заваливаются при прыжке; отсутствие фиксации вверху; отсутствует контроль темпа.
Скакалка с отягощением,5,30,0,3,90,"Держите локти близко к корпусу; вращайте верёвку кистями и приземляйтесь на носки мягко и ритмично. Добавьте пояс/жилет с весом, сохраняйте технику.",кардио/икры,3.5,Jump rope — weighted,Средний,Слишком высокие прыжки; вращение плечами; жёсткая посадка на пятку; отсутствует контроль темпа.
Тяга каната к лицу на верхнем блоке,5,0,10,5,60,"Встаньте у блока с канатом; тяните к лицу, разводя кисти и сводя лопатки, держите локти высоко. Держите корпус неподвижным, тяните лопатками.",задняя дельта/верх спины,4.0,Face pull — high pulley,Новичок,Локти низко; тянуть руками без лопаток; нет разведения кистей; отсутствует контроль темпа.
Обратные разведения в тренажёре с паузой у груди/внизу,30,0,8,5,60,"Сядьте лицом к тренажёру; разводите рукояти, сводя лопатки, удерживайте паузу и возвращайте контролируемо. Короткая пауза у ограничителя, не отбивайте вес.",задняя дельта,4.0,Reverse pec deck — with bottom pause,Средний,Работает трапеция вместо дельт; рывки; нет паузы в пик-сокращении; отсутствует контроль темпа.
Тяга гантели в наклоне поочерёдно,10,0,6,3,180,"Упритесь коленом и рукой в скамью; тяните гантель к тазу, сводя лопатки, опускайте без рывка. Выполняйте руками поочерёдно, удерживая корпус стабильным.",широчайшие/средняя спина,4.3,Dumbbell row — alternating,Средний,Скручивание корпуса; рывки; тяга к плечу вместо к тазу; отсутствует контроль темпа.
Хип-траст узким хватом,40,0,10,4,180,"Плечи на скамье, штанга на тазе; поднимайте таз до линии корпус–бёдра, делая паузу вверху, опускайте. Держите локти ближе к корпусу и контролируйте траекторию.",ягодицы,4.1,Hip thrust — close-grip,Средний,Чрезмерный прогиб; короткая пауза; неверная постановка стоп; отсутствует контроль темпа.
Ягодичный мост с отягощением,5,0,6,4,150,"Лягте на спину, стопы ближе к тазу; поднимайте таз, сжимая ягодицы, опускайте, сохраняя нейтральную спину. Добавьте пояс/жилет с весом, сохраняйте технику.",ягодицы,3.5,Glute bridge — weighted,Средний,Толчок поясницей; неполная амплитуда; колени гуляют; отсутствует контроль темпа.
Трастеры узким хватом,70,20,0,3,60,"Присядьте со штангой на груди и взрывно выжмите её над головой, возвращаясь в стойку контролируемо. Держите локти ближе к корпусу и контролируйте траекторию.",всё тело,4.4,Thruster — close-grip,Продвинутый,Ранний пресс до выпрямления ног; дуга грифа; колени заваливаются; отсутствует контроль темпа.
Жим Арнольда поочерёдно,12,0,10,4,90,"Сидя, начните с гантелями у груди ладонями к себе; вращая кисти, выжмите вверх до полного разгибания и опустите обратно. Выполняйте руками поочерёдно, удерживая корпус стабильным.",плечи,3.6,Arnold press — alternating,Средний,Сваливание локтей; сведение с ударом; излишний прогиб; отсутствует контроль темпа.
Фермерская прогулка поочерёдно,16,60,0,4,90,"Возьмите тяжёлые гантели, корпус высокий; идите ровно короткими шагами, удерживая кор и нейтральную спину. Выполняйте руками поочерёдно, удерживая корпус стабильным.",хват/кор/трапеции,3.6,Farmer's walk — alternating,Средний,Сутулость; переваливание корпуса; стук снарядов о ноги; задержка дыхания; отсутствует контроль темпа.
Гиперэкстензия с паузой у груди/внизу,10,0,6,5,120,"Застегнитесь в римском стуле; поднимайте корпус до линии с ногами, не переразгибая, опускайте контролируемо. Короткая пауза у ограничителя, не отбивайте вес.",разгибатели спины/ягодицы,3.7,Back extension — with bottom pause,Средний,Переразгибание вверху; движение за счёт спины; слишком быстрый темп; отсутствует контроль темпа.
Кикбэк на трицепс с гантелью поочерёдно,6,0,10,5,120,"Наклоните корпус, локоть прижмите и поднимите вверх; разгибайте руку назад до полного сокращения трицепса, возвращайте плавно. Выполняйте руками поочерёдно, удерживая корпус стабильным.",трицепс,4.3,Dumbbell triceps kickback — alternating,Новичок,Движение плечом; локоть опускается; чрезмерный вес; отсутствует контроль темпа.
Кикбэк на трицепс на блоке (канате) на верхнем блоке,25,0,8,5,180,"Корпус в наклоне, локти фиксированы; разгибайте предплечья назад, разводя концы каната в конце амплитуды. Держите корпус неподвижным, тяните лопатками.",трицепс,4.4,Cable triceps kickback (rope) — high pulley,Новичок,Разведение локтей; движение корпусом; излом запястий; отсутствует контроль темпа.
Кикбэк на трицепс с опорой на скамью поочерёдно,20,0,8,5,90,"Опирайтесь на скамью свободной рукой; из положения наклона разгибайте руку с гантелью назад до полного выпрямления. Выполняйте руками поочерёдно, удерживая корпус стабильным.",трицепс,4.1,Bench-supported dumbbell triceps kickback — alternating,Новичок,Округление спины; локоть «уезжает»; махи; отсутствует контроль темпа.
Кикбэк на трицепс в наклоне (поочерёдно) поочерёдно,6,0,12,5,90,"В наклоне разгибайте поочерёдно каждую руку назад, фиксируя локоть и избегая раскачки корпуса. Выполняйте руками поочерёдно, удерживая корпус стабильным.",трицепс,4.4,Alternating dumbbell triceps kickback — alternating,Новичок,Раскачка корпусом; опускание локтя; неполная амплитуда; отсутствует контроль темпа.
Жим штанги лёжа широким хватом,20,0,10,5,60,"Лягте на скамью, лопатки сведены, стопы упираются; опустите штангу к нижней груди и выжмите вверх, не теряя напряжение. Сохраняйте запястья ровными и ведите локти по линии движения.",грудь/плечи/трицепс,3.9,Barbell bench press — wide-grip,Средний,Развод локтей; отрыв стоп; отскок от груди; гиперпрогиб в пояснице; неполная пауза; отсутствует контроль темпа.
Жим гантелей на наклонной скамье сидя,16,0,12,4,90,"Лягте на наклон 30–45°, гантели у груди; выжмите по дуге вверх и сведите без удара, опускайте контролируемо. Сядьте и стабилизируйте корпус, не прогибайтесь.",верхняя грудь/плечи,4.2,Incline dumbbell press — seated,Средний,Сведение с ударом; провал плеч; опускание слишком низко; потеря контроля лопаток; отсутствует контроль темпа.
Разводка гантелей лёжа сидя,8,0,10,4,120,"Лягте на скамью, лёгкий сгиб в локтях; разводите руки по широкой дуге до растяжения груди и сводите обратно. Сядьте и стабилизируйте корпус, не прогибайтесь.",грудь,4.1,Dumbbell flye — seated,Новичок,Слишком прямые руки; рывки; чрезмерный вес; превращение движения в жим; отсутствует контроль темпа.
Сведение рук в кроссовере на нижнем блоке,10,0,6,3,150,"Встаньте между блоками, корпус слегка наклонён; сводите рукояти по дуге перед грудью, контролируя растяжение и сокращение. Фиксируйте корпус и не раскачивайтесь.",грудь,4.1,Cable crossover — low pulley,Новичок,Скручивание корпуса; рывки; сведение за счёт плеч; неверная высота траектории; отсутствует контроль темпа.
Подтягивания на одной руке/ноге,5,0,12,5,180,"Возьмитесь за перекладину пронированным хватом, корпус стабилен; тянитесь грудью к перекладине, опускайтесь до полного выпрямления рук. Усложните вариант, удерживая корпус стабильно.",спина/бицепс,3.9,Pull-up — single-arm/leg,Продвинутый,Недоразгибание локтей; раскачка; подбородок не выше перекладины; не сводите лопатки; отсутствует контроль темпа.
Тяга верхнего блока на нижнем блоке,5,0,10,5,60,"Возьмитесь широким хватом, грудь вперёд; тяните рукоять к верхней груди, сводя лопатки, поднимайте руки контролируемо. Фиксируйте корпус и не раскачивайтесь.",широчайшие/бицепс,4.2,Lat pulldown — low pulley,Новичок,Тяга за голову; чрезмерный прогиб; работа руками вместо спины; отбивание веса; отсутствует контроль темпа.
Тяга штанги в наклоне широким хватом,50,0,8,4,90,"Станьте в наклон 30–45°, спина нейтральна; тяните штангу к нижней части живота, сводя лопатки, опускайте без рывков. Сохраняйте запястья ровными и ведите локти по линии движения.",спина/задняя дельта,4.5,Bent-over barbell row — wide-grip,Средний,Круглая спина; подрыв корпусом; траектория слишком высоко; отсутствие паузы; отсутствует контроль темпа.
Гребля на тренажёре одной ногой/рукой,40,40,0,3,150,"Сядьте, стопы закреплены, спина нейтральна; толчок ногами, затем тяга к солнечному сплетению, верните в обратной последовательности. Работайте поочерёдно, соблюдая симметрию.",спина/кардио,4.7,Rowing machine — single-leg/arm,Средний,Тянуть одними руками; ранний подсрыв корпусом; провал колен внутрь; сгибание запястий; отсутствует контроль темпа.
Становая тяга широким хватом,30,0,6,5,90,"Стопы на ширине таза, гриф над серединой стопы; держите спину нейтральной, поднимайте штангу, разгибая колени и бёдра одновременно. Сохраняйте запястья ровными и ведите локти по линии движения.",задняя цепь/спина/ягодицы,4.8,Deadlift — wide-grip,Продвинутый,Округление поясницы; гриф далеко от тела; рывок с пола; перезалом вверху; отсутствует контроль темпа.
Румынская тяга широким хватом,50,0,6,3,180,"Штанга в руках, колени мягкие; отведите таз назад, опуская штангу вдоль бёдер до натяжения задней поверхности, затем вернитесь. Сохраняйте запястья ровными и ведите локти по линии движения.",бёдра/ягодицы,4.1,Romanian deadlift — wide-grip,Средний,Сильный сгиб коленей; гриф далеко от ног; гиперпрогиб; короткая амплитуда; отсутствует контроль темпа.
Приседания со штангой широким хватом,50,0,8,5,180,"Стойка на ширине плеч, корпус напряжён; присядьте до параллели, колени по траектории носков, встаньте, сохраняя нейтральную спину. Сохраняйте запястья ровными и ведите локти по линии движения.",квадрицепсы/ягодицы/кор,4.6,Back squat — wide-grip,Средний,Колени заваливаются; пятки отрываются; округление спины; непостоянная глубина; отсутствует контроль темпа.
Жим ногами одной ногой/рукой,50,0,10,3,180,"Стопы на платформе, поясница прижата; опускайте платформу до угла 90° в коленях и выжимайте, не выпрямляя колени в «замок». Работайте поочерёдно, соблюдая симметрию.",квадрицепсы/ягодицы,3.5,Leg press — single-leg/arm,Средний,Сведение колен; отрыв поясницы; замок в коленях; слишком узкая постановка; отсутствует контроль темпа.
Выпады сидя,12,0,6,5,60,"Сделайте широкий шаг вперёд; опуститесь до прямого угла в колене передней ноги, толкнитесь пяткой и вернитесь. Сядьте и стабилизируйте корпус, не прогибайтесь.",ягодицы/квадрицепсы,4.9,Lunge — seated,Новичок,Колено заваливается; шаг слишком короткий; чрезмерный наклон корпуса; толчок носком; отсутствует контроль темпа.
Гакк-присед одной ногой/рукой,20,0,8,4,90,"Спина прижата к спинке, стопы чуть впереди; присядьте до параллели и выжмите, держа колени в линии носков. Работайте поочерёдно, соблюдая симметрию.",квадрицепсы,3.6,Hack squat — single-leg/arm,Средний,Отрыв пяток; колени слишком вперёд; прогиб поясницы; короткая амплитуда; отсутствует контроль темпа.
Сгибания ног лёжа одной ногой/рукой,20,0,8,4,180,"Лягте лицом вниз, валики над пятками; сгибайте колени до полного сокращения бицепса бедра и опускайте контролируемо. Работайте поочерёдно, соблюдая симметрию.",бицепс бедра,4.3,Lying leg curl — single-leg/arm,Средний,Отрыв таза; рывки; движение тазом; отсутствие паузы; отсутствует контроль темпа.
Разгибания ног одной ногой/рукой,40,0,10,4,180,"Сядьте, валик над голенями; разгибайте колени до верхней точки без рывка, опускайте с контролем. Работайте поочерёдно, соблюдая симметрию.",квадрицепсы,4.8,Leg extension — single-leg/arm,Средний,Рывки; чрезмерный вес; разведение колен; болтающиеся стопы; отсутствует контроль темпа.
Подъёмы на носки одной ногой/рукой,40,0,6,5,120,"Встаньте носками на платформу; поднимайтесь на носки, делая паузу вверху, опускайтесь до растяжения икр. Работайте поочерёдно, соблюдая симметрию.",икры,4.2,Calf raise — single-leg/arm,Средний,Короткая амплитуда; пружинение; согнутые колени; разворот носков без контроля; отсутствует контроль темпа.
Жим штанги стоя широким хватом,30,0,15,4,180,"Стойка на ширине плеч, корпус напряжён; выжмите штангу над головой по прямой и опустите под контроль. Сохраняйте запястья ровными и ведите локти по линии движения.",плечи/трицепс,4.6,Overhead press — wide-grip,Средний,Гиперпрогиб поясницы; дуга траектории; локти назад; задержка дыхания; отсутствует контроль темпа.
Жим гантелей сидя сидя,20,0,15,5,60,"Сядьте, лопатки сведены; выжимайте гантели вверх по дуге и опускайте до уровня ушей. Сядьте и стабилизируйте корпус, не прогибайтесь.",плечи,4.4,Seated dumbbell shoulder press — seated,Средний,Сведение с ударом; отрыв поясницы; опускание слишком низко; отсутствует контроль темпа.
Махи гантелями в стороны сидя,20,0,8,5,60,"Встаньте прямо, лёгкий наклон корпуса; поднимайте гантели в стороны до уровня плеч, ведите локтем, опускайте медленно. Сядьте и стабилизируйте корпус, не прогибайтесь.",средняя дельта,4.1,Dumbbell lateral raise — seated,Новичок,Читинг корпусом; чрезмерные веса; внутренний поворот плеча; отсутствует контроль темпа.
Тяга к подбородку широким хватом,60,0,8,3,150,"Возьмитесь узким хватом; тяните штангу вдоль корпуса до верхней груди/ключиц, локти выше грифа, опускайте плавно. Сохраняйте запястья ровными и ведите локти по линии движения.",плечи/трапеции,4.8,Upright row — wide-grip,Средний,Слишком узкий хват; подъём слишком высоко; излом запястий; отсутствует контроль темпа.
Шраги сидя,16,0,15,3,120,"Держите гантели по бокам; поднимайте плечи вверх к ушам, делая короткую паузу, опускайте полностью. Сядьте и стабилизируйте корпус, не прогибайтесь.",трапеции,4.2,Shrug — seated,Новичок,Вращение плечами; короткая амплитуда; чрезмерный вес с читингом; отсутствует контроль темпа.
Подъём на бицепс со штангой широким хватом,60,0,15,4,60,"Стойка стабильна, локти у корпуса; сгибайте руки, не раскачивая корпус, опускайте под контролем. Сохраняйте запястья ровными и ведите локти по линии движения.",бицепс,4.5,Barbell biceps curl — wide-grip,Средний,Раскачка корпусом; локти уходят вперёд; частичная амплитуда; отсутствует контроль темпа.
Подъём на бицепс молот сидя,20,0,8,4,60,"Хват нейтральный, локти у корпуса; поднимайте гантели, сохраняя предплечья в нейтрали, опускайте медленно. Сядьте и стабилизируйте корпус, не прогибайтесь.",бицепс/предплечья,3.5,Hammer curl — seated,Новичок,Локти отходят; махи; неконтролируемая эксцентрика; отсутствует контроль темпа.
Концентрированный подъём на бицепс сидя,20,0,12,5,60,"Сядьте, упёрев локоть в бедро; поднимайте гантель к плечу, делая паузу вверху, опускайте контролируемо. Сядьте и стабилизируйте корпус, не прогибайтесь.",бицепс,4.2,Concentration curl — seated,Новичок,Движение плечом; потеря фиксации локтя; скручивание корпуса; отсутствует контроль темпа.
Французский жим широким хватом,60,0,6,4,120,"Лягте на скамью, штанга над грудью; сгибайте руки, опуская гриф к лбу/за голову, разогните до полного сокращения трицепса. Сохраняйте запястья ровными и ведите локти по линии движения.",трицепс,3.9,Lying triceps extension — wide-grip,Средний,Локти расходятся; опускание на лоб; гиперпрогиб в пояснице; отсутствует контроль темпа.
Разгибания на блоке на нижнем блоке,15,0,15,5,90,"Встаньте у верхнего блока, локти прижаты; разгибайте руки вниз до полного выпрямления и возвращайте без раскачки. Фиксируйте корпус и не раскачивайтесь.",трицепс,5.0,Triceps pushdown — low pulley,Новичок,Локти уходят от корпуса; раскачка; перегиб кистей; отсутствует контроль темпа.
Отжимания на брусьях на одной руке/ноге,0,0,15,4,180,"Опирайтесь на брусья, корпус слегка наклонён; опускайтесь до параллели плеч с локтями, выжимайтесь вверх. Усложните вариант, удерживая корпус стабильно.",грудь/трицепс,4.6,Dip — single-arm/leg,Продвинутый,Сильный провал в плечах; чрезмерная глубина; разброс локтей; отсутствует контроль темпа.
Отжимания на одной руке/ноге,0,0,8,4,90,"Упритесь ладонями под плечами, корпус прямой; опуститесь до касания грудью/90° в локтях, выжмитесь вверх. Усложните вариант, удерживая корпус стабильно.",грудь/плечи/трицепс,4.9,Push-up — single-arm/leg,Продвинутый,Провисание корпуса; локти сильно в стороны; неполная амплитуда; отсутствует контроль темпа.
Скручивания на одной руке/ноге,0,0,10,3,90,"Лягте на спину, колени согнуты; подкручивайте грудную клетку к тазу, не тяните шею, делайте короткую паузу вверху. Усложните вариант, удерживая корпус стабильно.",пресс,3.6,Crunch — single-arm/leg,Продвинутый,Тянуть шею руками; рывки; большой размах вместо подкручивания; отсутствует контроль темпа.
Подъём ног в висе на одной руке/ноге,0,0,10,3,90,"Повисните на перекладине; поднимайте прямые ноги/колени к груди, удерживая таз подкрученным, опускайте медленно. Усложните вариант, удерживая корпус стабильно.",нижний пресс,3.5,Hanging leg raise — single-arm/leg,Продвинутый,Махи ногами; прогиб поясницы; отсутствие подкрутки таза; отсутствует контроль темпа.
Планка на одной руке/ноге,0,30,0,4,90,"Опуститесь на предплечья, корпус прямой; держите нейтральную спину и напряжённый кор, не провисайте. Усложните вариант, удерживая корпус стабильно.",кор,3.5,Plank — single-arm/leg,Продвинутый,Провисание поясницы; поднятый таз; разведение лопаток; отсутствует контроль темпа.
Русский твист на одной руке/ноге,5,45,0,3,90,"Сядьте, корпус слегка отклонён; поворачивайте плечевой пояс и таз синхронно, касаясь пола по сторонам. Усложните вариант, удерживая корпус стабильно.",косые мышцы живота,4.7,Russian twist — single-arm/leg,Продвинутый,Скругление спины; вращение одними руками; слишком быстрый темп; отсутствует контроль темпа.
Берпи на одной руке/ноге,0,45,0,4,150,"Из стойки сделайте упор лёжа, отожмитесь; подпрыгните вверх с руками над головой. Усложните вариант, удерживая корпус стабильно.",всё тело/кардио,4.4,Burpee — single-arm/leg,Продвинутый,Плохая техника отжимания; колени заваливаются при прыжке; отсутствие фиксации вверху; отсутствует контроль темпа.
Скакалка на одной руке/ноге,5,40,0,3,120,"Держите локти близко к корпусу; вращайте верёвку кистями и приземляйтесь на носки мягко и ритмично. Усложните вариант, удерживая корпус стабильно.",кардио/икры,3.6,Jump rope — single-arm/leg,Продвинутый,Слишком высокие прыжки; вращение плечами; жёсткая посадка на пятку; отсутствует контроль темпа.
Тяга каната к лицу на нижнем блоке,25,0,6,4,120,"Встаньте у блока с канатом; тяните к лицу, разводя кисти и сводя лопатки, держите локти высоко. Фиксируйте корпус и не раскачивайтесь.",задняя дельта/верх спины,4.4,Face pull — low pulley,Новичок,Локти низко; тянуть руками без лопаток; нет разведения кистей; отсутствует контроль темпа.
Обратные разведения в тренажёре одной ногой/рукой,20,0,15,3,60,"Сядьте лицом к тренажёру; разводите рукояти, сводя лопатки, удерживайте паузу и возвращайте контролируемо. Работайте поочерёдно, соблюдая симметрию.",задняя дельта,4.2,Reverse pec deck — single-leg/arm,Средний,Работает трапеция вместо дельт; рывки; нет паузы в пик-сокращении; отсутствует контроль темпа.
Тяга гантели в наклоне сидя,8,0,6,3,120,"Упритесь коленом и рукой в скамью; тяните гантель к тазу, сводя лопатки, опускайте без рывка. Сядьте и стабилизируйте корпус, не прогибайтесь.",широчайшие/средняя спина,4.2,Dumbbell row — seated,Средний,Скручивание корпуса; рывки; тяга к плечу вместо к тазу; отсутствует контроль темпа.
Хип-траст широким хватом,50,0,8,4,90,"Плечи на скамье, штанга на тазе; поднимайте таз до линии корпус–бёдра, делая паузу вверху, опускайте. Сохраняйте запястья ровными и ведите локти по линии движения.",ягодицы,4.3,Hip thrust — wide-grip,Средний,Чрезмерный прогиб; короткая пауза; неверная постановка стоп; отсутствует контроль темпа.
Ягодичный мост на одной руке/ноге,5,0,10,4,90,"Лягте на спину, стопы ближе к тазу; поднимайте таз, сжимая ягодицы, опускайте, сохраняя нейтральную спину. Усложните вариант, удерживая корпус стабильно.",ягодицы,3.6,Glute bridge — single-arm/leg,Продвинутый,Толчок поясницей; неполная амплитуда; колени гуляют; отсутствует контроль темпа.
Трастеры широким хватом,70,20,0,4,60,"Присядьте со штангой на груди и взрывно выжмите её над головой, возвращаясь в стойку контролируемо. Сохраняйте запястья ровными и ведите локти по линии движения.",всё тело,4.3,Thruster — wide-grip,Продвинутый,Ранний пресс до выпрямления ног; дуга грифа; колени заваливаются; отсутствует контроль темпа.
Жим Арнольда сидя,16,0,6,4,60,"Сидя, начните с гантелями у груди ладонями к себе; вращая кисти, выжмите вверх до полного разгибания и опустите обратно. Сядьте и стабилизируйте корпус, не прогибайтесь.",плечи,3.7,Arnold press — seated,Средний,Сваливание локтей; сведение с ударом; излишний прогиб; отсутствует контроль темпа.
Фермерская прогулка сидя,20,40,0,3,180,"Возьмите тяжёлые гантели, корпус высокий; идите ровно короткими шагами, удерживая кор и нейтральную спину. Сядьте и стабилизируйте корпус, не прогибайтесь.",хват/кор/трапеции,3.5,Farmer's walk — seated,Средний,Сутулость; переваливание корпуса; стук снарядов о ноги; задержка дыхания; отсутствует контроль темпа.
Гиперэкстензия одной ногой/рукой,10,0,10,3,150,"Застегнитесь в римском стуле; поднимайте корпус до линии с ногами, не переразгибая, опускайте контролируемо. Работайте поочерёдно, соблюдая симметрию.",разгибатели спины/ягодицы,3.5,Back extension — single-leg/arm,Средний,Переразгибание вверху; движение за счёт спины; слишком быстрый темп; отсутствует контроль темпа.
Кикбэк на трицепс с гантелью сидя,12,0,15,4,120,"Наклоните корпус, локоть прижмите и поднимите вверх; разгибайте руку назад до полного сокращения трицепса, возвращайте плавно. Сядьте и стабилизируйте корпус, не прогибайтесь.",трицепс,4.2,Dumbbell triceps kickback — seated,Новичок,Движение плечом; локоть опускается; чрезмерный вес; отсутствует контроль темпа.
Кикбэк на трицепс на блоке (канате) на нижнем блоке,5,0,15,5,90,"Корпус в наклоне, локти фиксированы; разгибайте предплечья назад, разводя концы каната в конце амплитуды. Фиксируйте корпус и не раскачивайтесь.",трицепс,4.8,Cable triceps kickback (rope) — low pulley,Новичок,Разведение локтей; движение корпусом; излом запястий; отсутствует контроль темпа.
Кикбэк на трицепс с опорой на скамью сидя,6,0,10,3,90,"Опирайтесь на скамью свободной рукой; из положения наклона разгибайте руку с гантелью назад до полного выпрямления. Сядьте и стабилизируйте корпус, не прогибайтесь.",трицепс,4.6,Bench-supported dumbbell triceps kickback — seated,Новичок,Округление спины; локоть «уезжает»; махи; отсутствует контроль темпа.
Кикбэк на трицепс в наклоне (поочерёдно) сидя,8,0,10,5,90,"В наклоне разгибайте поочерёдно каждую руку назад, фиксируя локоть и избегая раскачки корпуса. Сядьте и стабилизируйте корпус, не прогибайтесь.",трицепс,4.4,Alternating dumbbell triceps kickback — seated,Новичок,Раскачка корпусом; опускание локтя; неполная амплитуда; отсутствует контроль темпа.
Жим штанги лёжа с паузой внизу,20,0,8,4,120,"Лягте на скамью, лопатки сведены, стопы упираются; опустите штангу к нижней груди и выжмите вверх, не теряя напряжение. Делайте паузу 1–2 сек в нижней точке, не теряя напряжение.",грудь/плечи/трицепс,4.0,Barbell bench press — with bottom pause,Продвинутый,Развод локтей; отрыв стоп; отскок от груди; гиперпрогиб в пояснице; неполная пауза; отсутствует контроль темпа.
Жим гантелей на наклонной скамье стоя,16,0,6,3,60,"Лягте на наклон 30–45°, гантели у груди; выжмите по дуге вверх и сведите без удара, опускайте контролируемо. Держите корпус напряжённым и не раскачивайтесь.",верхняя грудь/плечи,4.1,Incline dumbbell press — standing,Средний,Сведение с ударом; провал плеч; опускание слишком низко; потеря контроля лопаток; отсутствует контроль темпа.
Разводка гантелей лёжа стоя,6,0,8,5,150,"Лягте на скамью, лёгкий сгиб в локтях; разводите руки по широкой дуге до растяжения груди и сводите обратно. Держите корпус напряжённым и не раскачивайтесь.",грудь,4.7,Dumbbell flye — standing,Средний,Слишком прямые руки; рывки; чрезмерный вес; превращение движения в жим; отсутствует контроль темпа.
Сведение рук в кроссовере с паузой в пик-сокращении,20,0,6,5,150,"Встаньте между блоками, корпус слегка наклонён; сводите рукояти по дуге перед грудью, контролируя растяжение и сокращение. Пауза 1–2 сек в пик-сокращении.",грудь,4.2,Cable crossover — with peak pause,Средний,Скручивание корпуса; рывки; сведение за счёт плеч; неверная высота траектории; отсутствует контроль темпа.
Подтягивания с паузой,0,0,12,5,120,"Возьмитесь за перекладину пронированным хватом, корпус стабилен; тянитесь грудью к перекладине, опускайтесь до полного выпрямления рук. Делайте паузы в сложных точках движения.",спина/бицепс,4.0,Pull-up — with pause,Средний,Недоразгибание локтей; раскачка; подбородок не выше перекладины; не сводите лопатки; отсутствует контроль темпа.
Тяга верхнего блока с паузой в пик-сокращении,20,0,10,3,90,"Возьмитесь широким хватом, грудь вперёд; тяните рукоять к верхней груди, сводя лопатки, поднимайте руки контролируемо. Пауза 1–2 сек в пик-сокращении.",широчайшие/бицепс,4.3,Lat pulldown — with peak pause,Средний,Тяга за голову; чрезмерный прогиб; работа руками вместо спины; отбивание веса; отсутствует контроль темпа.
Тяга штанги в наклоне с паузой внизу,20,0,6,3,60,"Станьте в наклон 30–45°, спина нейтральна; тяните штангу к нижней части живота, сводя лопатки, опускайте без рывков. Делайте паузу 1–2 сек в нижней точке, не теряя напряжение.",спина/задняя дельта,4.4,Bent-over barbell row — with bottom pause,Продвинутый,Круглая спина; подрыв корпусом; траектория слишком высоко; отсутствие паузы; отсутствует контроль темпа.
Гребля на тренажёре медленный негатив,10,40,0,4,90,"Сядьте, стопы закреплены, спина нейтральна; толчок ногами, затем тяга к солнечному сплетению, верните в обратной последовательности. Опускайте 3–4 сек для контроля и чувства мышцы.",спина/кардио,4.6,Rowing machine — slow eccentric,Продвинутый,Тянуть одними руками; ранний подсрыв корпусом; провал колен внутрь; сгибание запястий; отсутствует контроль темпа.
Становая тяга с паузой внизу,60,0,12,5,120,"Стопы на ширине таза, гриф над серединой стопы; держите спину нейтральной, поднимайте штангу, разгибая колени и бёдра одновременно. Делайте паузу 1–2 сек в нижней точке, не теряя напряжение.",задняя цепь/спина/ягодицы,4.3,Deadlift — with bottom pause,Продвинутый,Округление поясницы; гриф далеко от тела; рывок с пола; перезалом вверху; отсутствует контроль темпа.
Румынская тяга с паузой внизу,30,0,10,3,150,"Штанга в руках, колени мягкие; отведите таз назад, опуская штангу вдоль бёдер до натяжения задней поверхности, затем вернитесь. Делайте паузу 1–2 сек в нижней точке, не теряя напряжение.",бёдра/ягодицы,3.7,Romanian deadlift — with bottom pause,Продвинутый,Сильный сгиб коленей; гриф далеко от ног; гиперпрогиб; короткая амплитуда; отсутствует контроль темпа.
Приседания со штангой с паузой внизу,40,0,12,3,120,"Стойка на ширине плеч, корпус напряжён; присядьте до параллели, колени по траектории носков, встаньте, сохраняя нейтральную спину. Делайте паузу 1–2 сек в нижней точке, не теряя напряжение.",квадрицепсы/ягодицы/кор,4.8,Back squat — with bottom pause,Продвинутый,Колени заваливаются; пятки отрываются; округление спины; непостоянная глубина; отсутствует контроль темпа.
Жим ногами медленный негатив,10,0,15,4,90,"Стопы на платформе, поясница прижата; опускайте платформу до угла 90° в коленях и выжимайте, не выпрямляя колени в «замок». Опускайте 3–4 сек для контроля и чувства мышцы.",квадрицепсы/ягодицы,4.0,Leg press — slow eccentric,Продвинутый,Сведение колен; отрыв поясницы; замок в коленях; слишком узкая постановка; отсутствует контроль темпа.
Выпады стоя,6,0,10,3,120,"Сделайте широкий шаг вперёд; опуститесь до прямого угла в колене передней ноги, толкнитесь пяткой и вернитесь. Держите корпус напряжённым и не раскачивайтесь.",ягодицы/квадрицепсы,4.5,Lunge — standing,Средний,Колено заваливается; шаг слишком короткий; чрезмерный наклон корпуса; толчок носком; отсутствует контроль темпа.
Гакк-присед медленный негатив,30,0,12,3,150,"Спина прижата к спинке, стопы чуть впереди; присядьте до параллели и выжмите, держа колени в линии носков. Опускайте 3–4 сек для контроля и чувства мышцы.",квадрицепсы,3.9,Hack squat — slow eccentric,Продвинутый,Отрыв пяток; колени слишком вперёд; прогиб поясницы; короткая амплитуда; отсутствует контроль темпа.
Сгибания ног лёжа медленный негатив,10,0,8,3,180,"Лягте лицом вниз, валики над пятками; сгибайте колени до полного сокращения бицепса бедра и опускайте контролируемо. Опускайте 3–4 сек для контроля и чувства мышцы.",бицепс бедра,3.9,Lying leg curl — slow eccentric,Продвинутый,Отрыв таза; рывки; движение тазом; отсутствие паузы; отсутствует контроль темпа.
Разгибания ног медленный негатив,50,0,6,3,150,"Сядьте, валик над голенями; разгибайте колени до верхней точки без рывка, опускайте с контролем. Опускайте 3–4 сек для контроля и чувства мышцы.",квадрицепсы,4.3,Leg extension — slow eccentric,Продвинутый,Рывки; чрезмерный вес; разведение колен; болтающиеся стопы; отсутствует контроль темпа.
Подъёмы на носки медленный негатив,20,0,6,4,120,"Встаньте носками на платформу; поднимайтесь на носки, делая паузу вверху, опускайтесь до растяжения икр. Опускайте 3–4 сек для контроля и чувства мышцы.",икры,3.9,Calf raise — slow eccentric,Продвинутый,Короткая амплитуда; пружинение; согнутые колени; разворот носков без контроля; отсутствует контроль темпа.
Жим штанги стоя с паузой внизу,50,0,15,3,180,"Стойка на ширине плеч, корпус напряжён; выжмите штангу над головой по прямой и опустите под контроль. Делайте паузу 1–2 сек в нижней точке, не теряя напряжение.",плечи/трицепс,4.8,Overhead press — with bottom pause,Продвинутый,Гиперпрогиб поясницы; дуга траектории; локти назад; задержка дыхания; отсутствует контроль темпа.
Жим гантелей сидя стоя,16,0,12,3,120,"Сядьте, лопатки сведены; выжимайте гантели вверх по дуге и опускайте до уровня ушей. Держите корпус напряжённым и не раскачивайтесь.",плечи,4.5,Seated dumbbell shoulder press — standing,Средний,Сведение с ударом; отрыв поясницы; опускание слишком низко; отсутствует контроль темпа.
Махи гантелями в стороны стоя,16,0,8,3,180,"Встаньте прямо, лёгкий наклон корпуса; поднимайте гантели в стороны до уровня плеч, ведите локтем, опускайте медленно. Держите корпус напряжённым и не раскачивайтесь.",средняя дельта,3.9,Dumbbell lateral raise — standing,Средний,Читинг корпусом; чрезмерные веса; внутренний поворот плеча; отсутствует контроль темпа.
Тяга к подбородку с паузой внизу,60,0,15,3,180,"Возьмитесь узким хватом; тяните штангу вдоль корпуса до верхней груди/ключиц, локти выше грифа, опускайте плавно. Делайте паузу 1–2 сек в нижней точке, не теряя напряжение.",плечи/трапеции,4.7,Upright row — with bottom pause,Продвинутый,Слишком узкий хват; подъём слишком высоко; излом запястий; отсутствует контроль темпа.
Шраги стоя,20,0,6,5,180,"Держите гантели по бокам; поднимайте плечи вверх к ушам, делая короткую паузу, опускайте полностью. Держите корпус напряжённым и не раскачивайтесь.",трапеции,4.4,Shrug — standing,Средний,Вращение плечами; короткая амплитуда; чрезмерный вес с читингом; отсутствует контроль темпа.
Подъём на бицепс со штангой с паузой внизу,20,0,8,3,60,"Стойка стабильна, локти у корпуса; сгибайте руки, не раскачивая корпус, опускайте под контролем. Делайте паузу 1–2 сек в нижней точке, не теряя напряжение.",бицепс,4.6,Barbell biceps curl — with bottom pause,Продвинутый,Раскачка корпусом; локти уходят вперёд; частичная амплитуда; отсутствует контроль темпа.
Подъём на бицепс молот стоя,20,0,10,3,150,"Хват нейтральный, локти у корпуса; поднимайте гантели, сохраняя предплечья в нейтрали, опускайте медленно. Держите корпус напряжённым и не раскачивайтесь.",бицепс/предплечья,3.7,Hammer curl — standing,Средний,Локти отходят; махи; неконтролируемая эксцентрика; отсутствует контроль темпа.
Концентрированный подъём на бицепс стоя,16,0,6,5,60,"Сядьте, упёрев локоть в бедро; поднимайте гантель к плечу, делая паузу вверху, опускайте контролируемо. Держите корпус напряжённым и не раскачивайтесь.",бицепс,4.0,Concentration curl — standing,Средний,Движение плечом; потеря фиксации локтя; скручивание корпуса; отсутствует контроль темпа.
Французский жим с паузой внизу,20,0,8,4,120,"Лягте на скамью, штанга над грудью; сгибайте руки, опуская гриф к лбу/за голову, разогните до полного сокращения трицепса. Делайте паузу 1–2 сек в нижней точке, не теряя напряжение.",трицепс,3.6,Lying triceps extension — with bottom pause,Продвинутый,Локти расходятся; опускание на лоб; гиперпрогиб в пояснице; отсутствует контроль темпа.
Разгибания на блоке с паузой в пик-сокращении,25,0,6,5,180,"Встаньте у верхнего блока, локти прижаты; разгибайте руки вниз до полного выпрямления и возвращайте без раскачки. Пауза 1–2 сек в пик-сокращении.",трицепс,4.8,Triceps pushdown — with peak pause,Средний,Локти уходят от корпуса; раскачка; перегиб кистей; отсутствует контроль темпа.
Отжимания на брусьях с паузой,0,0,15,3,150,"Опирайтесь на брусья, корпус слегка наклонён; опускайтесь до параллели плеч с локтями, выжимайтесь вверх. Делайте паузы в сложных точках движения.",грудь/трицепс,4.5,Dip — with pause,Средний,Сильный провал в плечах; чрезмерная глубина; разброс локтей; отсутствует контроль темпа.
Отжимания с паузой,5,0,8,5,90,"Упритесь ладонями под плечами, корпус прямой; опуститесь до касания грудью/90° в локтях, выжмитесь вверх. Делайте паузы в сложных точках движения.",грудь/плечи/трицепс,5.0,Push-up — with pause,Средний,Провисание корпуса; локти сильно в стороны; неполная амплитуда; отсутствует контроль темпа.
Скручивания с паузой,0,0,12,3,150,"Лягте на спину, колени согнуты; подкручивайте грудную клетку к тазу, не тяните шею, делайте короткую паузу вверху. Делайте паузы в сложных точках движения.",пресс,4.0,Crunch — with pause,Средний,Тянуть шею руками; рывки; большой размах вместо подкручивания; отсутствует контроль темпа.
Подъём ног в висе с паузой,0,0,15,5,90,"Повисните на перекладине; поднимайте прямые ноги/колени к груди, удерживая таз подкрученным, опускайте медленно. Делайте паузы в сложных точках движения.",нижний пресс,3.5,Hanging leg raise — with pause,Средний,Махи ногами; прогиб поясницы; отсутствие подкрутки таза; отсутствует контроль темпа.
Планка с паузой,0,40,0,5,180,"Опуститесь на предплечья, корпус прямой; держите нейтральную спину и напряжённый кор, не провисайте. Делайте паузы в сложных точках движения.",кор,3.6,Plank — with pause,Средний,Провисание поясницы; поднятый таз; разведение лопаток; отсутствует контроль темпа.
Русский твист с паузой,0,45,0,4,60,"Сядьте, корпус слегка отклонён; поворачивайте плечевой пояс и таз синхронно, касаясь пола по сторонам. Делайте паузы в сложных точках движения.",косые мышцы живота,4.5,Russian twist — with pause,Средний,Скругление спины; вращение одними руками; слишком быстрый темп; отсутствует контроль темпа.
Берпи с паузой,5,40,0,5,180,"Из стойки сделайте упор лёжа, отожмитесь; подпрыгните вверх с руками над головой. Делайте паузы в сложных точках движения.",всё тело/кардио,4.5,Burpee — with pause,Средний,Плохая техника отжимания; колени заваливаются при прыжке; отсутствие фиксации вверху; отсутствует контроль темпа.
Скакалка с паузой,0,20,0,5,90,Держите локти близко к корпусу; вращайте верёвку кистями и приземляйтесь на носки мягко и ритмично. Делайте паузы в сложных точках движения.,кардио/икры,3.9,Jump rope — with pause,Средний,Слишком высокие прыжки; вращение плечами; жёсткая посадка на пятку; отсутствует контроль темпа.
Тяга каната к лицу с паузой в пик-сокращении,5,0,6,4,150,"Встаньте у блока с канатом; тяните к лицу, разводя кисти и сводя лопатки, держите локти высоко. Пауза 1–2 сек в пик-сокращении.",задняя дельта/верх спины,4.5,Face pull — with peak pause,Средний,Локти низко; тянуть руками без лопаток; нет разведения кистей; отсутствует контроль темпа.
Обратные разведения в тренажёре медленный негатив,20,0,12,4,150,"Сядьте лицом к тренажёру; разводите рукояти, сводя лопатки, удерживайте паузу и возвращайте контролируемо. Опускайте 3–4 сек для контроля и чувства мышцы.",задняя дельта,4.1,Reverse pec deck — slow eccentric,Продвинутый,Работает трапеция вместо дельт; рывки; нет паузы в пик-сокращении; отсутствует контроль темпа.
Тяга гантели в наклоне стоя,4,0,8,3,180,"Упритесь коленом и рукой в скамью; тяните гантель к тазу, сводя лопатки, опускайте без рывка. Держите корпус напряжённым и не раскачивайтесь.",широчайшие/средняя спина,4.3,Dumbbell row — standing,Средний,Скручивание корпуса; рывки; тяга к плечу вместо к тазу; отсутствует контроль темпа.
Хип-траст с паузой внизу,30,0,15,4,120,"Плечи на скамье, штанга на тазе; поднимайте таз до линии корпус–бёдра, делая паузу вверху, опускайте. Делайте паузу 1–2 сек в нижней точке, не теряя напряжение.",ягодицы,4.2,Hip thrust — with bottom pause,Продвинутый,Чрезмерный прогиб; короткая пауза; неверная постановка стоп; отсутствует контроль темпа.
Ягодичный мост с паузой,0,0,15,4,60,"Лягте на спину, стопы ближе к тазу; поднимайте таз, сжимая ягодицы, опускайте, сохраняя нейтральную спину. Делайте паузы в сложных точках движения.",ягодицы,3.5,Glute bridge — with pause,Средний,Толчок поясницей; неполная амплитуда; колени гуляют; отсутствует контроль темпа.
Трастеры с паузой внизу,30,45,0,4,60,"Присядьте со штангой на груди и взрывно выжмите её над головой, возвращаясь в стойку контролируемо. Делайте паузу 1–2 сек в нижней точке, не теряя напряжение.",всё тело,4.2,Thruster — with bottom pause,Продвинутый,Ранний пресс до выпрямления ног; дуга грифа; колени заваливаются; отсутствует контроль темпа.
Жим Арнольда стоя,10,0,12,5,150,"Сидя, начните с гантелями у груди ладонями к себе; вращая кисти, выжмите вверх до полного разгибания и опустите обратно. Держите корпус напряжённым и не раскачивайтесь.",плечи,3.8,Arnold press — standing,Средний,Сваливание локтей; сведение с ударом; излишний прогиб; отсутствует контроль темпа.
Фермерская прогулка стоя,10,30,0,4,120,"Возьмите тяжёлые гантели, корпус высокий; идите ровно короткими шагами, удерживая кор и нейтральную спину. Держите корпус напряжённым и не раскачивайтесь.",хват/кор/трапеции,3.5,Farmer's walk — standing,Средний,Сутулость; переваливание корпуса; стук снарядов о ноги; задержка дыхания; отсутствует контроль темпа.
Гиперэкстензия медленный негатив,30,0,10,3,120,"Застегнитесь в римском стуле; поднимайте корпус до линии с ногами, не переразгибая, опускайте контролируемо. Опускайте 3–4 сек для контроля и чувства мышцы.",разгибатели спины/ягодицы,3.8,Back extension — slow eccentric,Продвинутый,Переразгибание вверху; движение за счёт спины; слишком быстрый темп; отсутствует контроль темпа.
Кикбэк на трицепс с гантелью стоя,16,0,6,3,60,"Наклоните корпус, локоть прижмите и поднимите вверх; разгибайте руку назад до полного сокращения трицепса, возвращайте плавно. Держите корпус напряжённым и не раскачивайтесь.",трицепс,4.3,Dumbbell triceps kickback — standing,Средний,Движение плечом; локоть опускается; чрезмерный вес; отсутствует контроль темпа.
Кикбэк на трицепс на блоке (канате) с паузой в пик-сокращении,20,0,10,3,150,"Корпус в наклоне, локти фиксированы; разгибайте предплечья назад, разводя концы каната в конце амплитуды. Пауза 1–2 сек в пик-сокращении.",трицепс,4.8,Cable triceps kickback (rope) — with peak pause,Средний,Разведение локтей; движение корпусом; излом запястий; отсутствует контроль темпа.
Кикбэк на трицепс с опорой на скамью стоя,10,0,15,3,120,Опирайтесь на скамью свободной рукой; из положения наклона разгибайте руку с гантелью назад до полного выпрямления. Держите корпус напряжённым и не раскачивайтесь.,трицепс,4.5,Bench-supported dumbbell triceps kickback — standing,Средний,Округление спины; локоть «уезжает»; махи; отсутствует контроль темпа.
Кикбэк на трицепс в наклоне (поочерёдно) стоя,4,0,6,4,60,"В наклоне разгибайте поочерёдно каждую руку назад, фиксируя локоть и избегая раскачки корпуса. Держите корпус напряжённым и не раскачивайтесь.",трицепс,4.6,Alternating dumbbell triceps kickback — standing,Средний,Раскачка корпусом; опускание локтя; неполная амплитуда; отсутствует контроль темпа.
Жим штанги лёжа темп 3–1–3,30,0,10,5,90,"Лягте на скамью, лопатки сведены, стопы упираются; опустите штангу к нижней груди и выжмите вверх, не теряя напряжение. Опускайте 3 сек, пауза 1 сек, поднимайте 3 сек.",грудь/плечи/трицепс,4.0,Barbell bench press — tempo 3–1–3,Продвинутый,Развод локтей; отрыв стоп; отскок от груди; гиперпрогиб в пояснице; неполная пауза; отсутствует контроль темпа.
Жим гантелей на наклонной скамье на наклонной скамье 30°,6,0,12,5,120,"Лягте на наклон 30–45°, гантели у груди; выжмите по дуге вверх и сведите без удара, опускайте контролируемо. Контролируйте плечи и ведите по дуге.",верхняя грудь/плечи,4.3,Incline dumbbell press — on 30° incline,Средний,Сведение с ударом; провал плеч; опускание слишком низко; потеря контроля лопаток; отсутствует контроль темпа.
Разводка гантелей лёжа на наклонной скамье 30°,12,0,12,3,150,"Лягте на скамью, лёгкий сгиб в локтях; разводите руки по широкой дуге до растяжения груди и сводите обратно. Контролируйте плечи и ведите по дуге.",грудь,4.4,Dumbbell flye — on 30° incline,Средний,Слишком прямые руки; рывки; чрезмерный вес; превращение движения в жим; отсутствует контроль темпа.
Сведение рук в кроссовере нейтральным хватом,20,0,6,3,150,"Встаньте между блоками, корпус слегка наклонён; сводите рукояти по дуге перед грудью, контролируя растяжение и сокращение. Держите запястья ровными и локти стабильными.",грудь,4.3,Cable crossover — neutral-grip,Новичок,Скручивание корпуса; рывки; сведение за счёт плеч; неверная высота траектории; отсутствует контроль темпа.
Подтягивания медленный негатив,0,0,8,5,120,"Возьмитесь за перекладину пронированным хватом, корпус стабилен; тянитесь грудью к перекладине, опускайтесь до полного выпрямления рук. Опускайтесь 3–5 сек, без рывков.",спина/бицепс,3.9,Pull-up — slow eccentric,Средний,Недоразгибание локтей; раскачка; подбородок не выше перекладины; не сводите лопатки; отсутствует контроль темпа.
Тяга верхнего блока нейтральным хватом,20,0,15,3,90,"Возьмитесь широким хватом, грудь вперёд; тяните рукоять к верхней груди, сводя лопатки, поднимайте руки контролируемо. Держите запястья ровными и локти стабильными.",широчайшие/бицепс,3.9,Lat pulldown — neutral-grip,Новичок,Тяга за голову; чрезмерный прогиб; работа руками вместо спины; отбивание веса; отсутствует контроль темпа.
Тяга штанги в наклоне темп 3–1–3,70,0,10,4,120,"Станьте в наклон 30–45°, спина нейтральна; тяните штангу к нижней части живота, сводя лопатки, опускайте без рывков. Опускайте 3 сек, пауза 1 сек, поднимайте 3 сек.",спина/задняя дельта,4.4,Bent-over barbell row — tempo 3–1–3,Продвинутый,Круглая спина; подрыв корпусом; траектория слишком высоко; отсутствие паузы; отсутствует контроль темпа.
Гребля на тренажёре частичная амплитуда,30,40,0,4,90,"Сядьте, стопы закреплены, спина нейтральна; толчок ногами, затем тяга к солнечному сплетению, верните в обратной последовательности. Работайте в целевом диапазоне без рывков.",спина/кардио,4.8,Rowing machine — partial ROM,Средний,Тянуть одними руками; ранний подсрыв корпусом; провал колен внутрь; сгибание запястий; отсутствует контроль темпа.
Становая тяга темп 3–1–3,70,0,12,3,90,"Стопы на ширине таза, гриф над серединой стопы; держите спину нейтральной, поднимайте штангу, разгибая колени и бёдра одновременно. Опускайте 3 сек, пауза 1 сек, поднимайте 3 сек.",задняя цепь/спина/ягодицы,4.3,Deadlift — tempo 3–1–3,Продвинутый,Округление поясницы; гриф далеко от тела; рывок с пола; перезалом вверху; отсутствует контроль темпа.
Румынская тяга темп 3–1–3,60,0,8,5,150,"Штанга в руках, колени мягкие; отведите таз назад, опуская штангу вдоль бёдер до натяжения задней поверхности, затем вернитесь. Опускайте 3 сек, пауза 1 сек, поднимайте 3 сек.",бёдра/ягодицы,3.7,Romanian deadlift — tempo 3–1–3,Продвинутый,Сильный сгиб коленей; гриф далеко от ног; гиперпрогиб; короткая амплитуда; отсутствует контроль темпа.
Приседания со штангой темп 3–1–3,30,0,10,4,150,"Стойка на ширине плеч, корпус напряжён; присядьте до параллели, колени по траектории носков, встаньте, сохраняя нейтральную спину. Опускайте 3 сек, пауза 1 сек, поднимайте 3 сек.",квадрицепсы/ягодицы/кор,4.5,Back squat — tempo 3–1–3,Продвинутый,Колени заваливаются; пятки отрываются; округление спины; непостоянная глубина; отсутствует контроль темпа.
Жим ногами частичная амплитуда,30,0,8,3,90,"Стопы на платформе, поясница прижата; опускайте платформу до угла 90° в коленях и выжимайте, не выпрямляя колени в «замок». Работайте в целевом диапазоне без рывков.",квадрицепсы/ягодицы,3.7,Leg press — partial ROM,Средний,Сведение колен; отрыв поясницы; замок в коленях; слишком узкая постановка; отсутствует контроль темпа.
Выпады на наклонной скамье 30°,8,0,10,3,120,"Сделайте широкий шаг вперёд; опуститесь до прямого угла в колене передней ноги, толкнитесь пяткой и вернитесь. Контролируйте плечи и ведите по дуге.",ягодицы/квадрицепсы,5.0,Lunge — on 30° incline,Средний,Колено заваливается; шаг слишком короткий; чрезмерный наклон корпуса; толчок носком; отсутствует контроль темпа.
Гакк-присед частичная амплитуда,40,0,8,3,150,"Спина прижата к спинке, стопы чуть впереди; присядьте до параллели и выжмите, держа колени в линии носков. Работайте в целевом диапазоне без рывков.",квадрицепсы,3.8,Hack squat — partial ROM,Средний,Отрыв пяток; колени слишком вперёд; прогиб поясницы; короткая амплитуда; отсутствует контроль темпа.
Сгибания ног лёжа частичная амплитуда,30,0,15,3,150,"Лягте лицом вниз, валики над пятками; сгибайте колени до полного сокращения бицепса бедра и опускайте контролируемо. Работайте в целевом диапазоне без рывков.",бицепс бедра,4.0,Lying leg curl — partial ROM,Средний,Отрыв таза; рывки; движение тазом; отсутствие паузы; отсутствует контроль темпа.
Разгибания ног частичная амплитуда,50,0,6,4,120,"Сядьте, валик над голенями; разгибайте колени до верхней точки без рывка, опускайте с контролем. Работайте в целевом диапазоне без рывков.",квадрицепсы,4.9,Leg extension — partial ROM,Средний,Рывки; чрезмерный вес; разведение колен; болтающиеся стопы; отсутствует контроль темпа.
Подъёмы на носки частичная амплитуда,50,0,8,5,180,"Встаньте носками на платформу; поднимайтесь на носки, делая паузу вверху, опускайтесь до растяжения икр. Работайте в целевом диапазоне без рывков.",икры,4.2,Calf raise — partial ROM,Средний,Короткая амплитуда; пружинение; согнутые колени; разворот носков без контроля; отсутствует контроль темпа.
Жим штанги стоя темп 3–1–3,30,0,8,3,120,"Стойка на ширине плеч, корпус напряжён; выжмите штангу над головой по прямой и опустите под контроль. Опускайте 3 сек, пауза 1 сек, поднимайте 3 сек.",плечи/трицепс,4.5,Overhead press — tempo 3–1–3,Продвинутый,Гиперпрогиб поясницы; дуга траектории; локти назад; задержка дыхания; отсутствует контроль темпа.
Жим гантелей сидя на наклонной скамье 30°,20,0,12,4,120,"Сядьте, лопатки сведены; выжимайте гантели вверх по дуге и опускайте до уровня ушей. Контролируйте плечи и ведите по дуге.",плечи,4.6,Seated dumbbell shoulder press — on 30° incline,Средний,Сведение с ударом; отрыв поясницы; опускание слишком низко; отсутствует контроль темпа.
Махи гантелями в стороны на наклонной скамье 30°,10,0,6,3,60,"Встаньте прямо, лёгкий наклон корпуса; поднимайте гантели в стороны до уровня плеч, ведите локтем, опускайте медленно. Контролируйте плечи и ведите по дуге.",средняя дельта,4.0,Dumbbell lateral raise — on 30° incline,Средний,Читинг корпусом; чрезмерные веса; внутренний поворот плеча; отсутствует контроль темпа.
Тяга к подбородку темп 3–1–3,20,0,12,5,150,"Возьмитесь узким хватом; тяните штангу вдоль корпуса до верхней груди/ключиц, локти выше грифа, опускайте плавно. Опускайте 3 сек, пауза 1 сек, поднимайте 3 сек.",плечи/трапеции,4.4,Upright row — tempo 3–1–3,Продвинутый,Слишком узкий хват; подъём слишком высоко; излом запястий; отсутствует контроль темпа.
Шраги на наклонной скамье 30°,6,0,15,4,150,"Держите гантели по бокам; поднимайте плечи вверх к ушам, делая короткую паузу, опускайте полностью. Контролируйте плечи и ведите по дуге.",трапеции,4.4,Shrug — on 30° incline,Средний,Вращение плечами; короткая амплитуда; чрезмерный вес с читингом; отсутствует контроль темпа.
Подъём на бицепс со штангой темп 3–1–3,60,0,8,3,90,"Стойка стабильна, локти у корпуса; сгибайте руки, не раскачивая корпус, опускайте под контролем. Опускайте 3 сек, пауза 1 сек, поднимайте 3 сек.",бицепс,5.0,Barbell biceps curl — tempo 3–1–3,Продвинутый,Раскачка корпусом; локти уходят вперёд; частичная амплитуда; отсутствует контроль темпа.
Подъём на бицепс молот на наклонной скамье 30°,4,0,6,5,150,"Хват нейтральный, локти у корпуса; поднимайте гантели, сохраняя предплечья в нейтрали, опускайте медленно. Контролируйте плечи и ведите по дуге.",бицепс/предплечья,3.7,Hammer curl — on 30° incline,Средний,Локти отходят; махи; неконтролируемая эксцентрика; отсутствует контроль темпа.
Концентрированный подъём на бицепс на наклонной скамье 30°,6,0,6,3,90,"Сядьте, упёрев локоть в бедро; поднимайте гантель к плечу, делая паузу вверху, опускайте контролируемо. Контролируйте плечи и ведите по дуге.",бицепс,4.0,Concentration curl — on 30° incline,Средний,Движение плечом; потеря фиксации локтя; скручивание корпуса; отсутствует контроль темпа.
Французский жим темп 3–1–3,30,0,6,5,120,"Лягте на скамью, штанга над грудью; сгибайте руки, опуская гриф к лбу/за голову, разогните до полного сокращения трицепса. Опускайте 3 сек, пауза 1 сек, поднимайте 3 сек.",трицепс,3.7,Lying triceps extension — tempo 3–1–3,Продвинутый,Локти расходятся; опускание на лоб; гиперпрогиб в пояснице; отсутствует контроль темпа.
Разгибания на блоке нейтральным хватом,5,0,15,5,150,"Встаньте у верхнего блока, локти прижаты; разгибайте руки вниз до полного выпрямления и возвращайте без раскачки. Держите запястья ровными и локти стабильными.",трицепс,4.8,Triceps pushdown — neutral-grip,Новичок,Локти уходят от корпуса; раскачка; перегиб кистей; отсутствует контроль темпа.
Отжимания на брусьях медленный негатив,5,0,10,5,180,"Опирайтесь на брусья, корпус слегка наклонён; опускайтесь до параллели плеч с локтями, выжимайтесь вверх. Опускайтесь 3–5 сек, без рывков.",грудь/трицепс,4.2,Dip — slow eccentric,Средний,Сильный провал в плечах; чрезмерная глубина; разброс локтей; отсутствует контроль темпа.
Отжимания медленный негатив,0,0,15,3,60,"Упритесь ладонями под плечами, корпус прямой; опуститесь до касания грудью/90° в локтях, выжмитесь вверх. Опускайтесь 3–5 сек, без рывков.",грудь/плечи/трицепс,5.0,Push-up — slow eccentric,Средний,Провисание корпуса; локти сильно в стороны; неполная амплитуда; отсутствует контроль темпа.
Скручивания медленный негатив,0,0,10,4,90,"Лягте на спину, колени согнуты; подкручивайте грудную клетку к тазу, не тяните шею, делайте короткую паузу вверху. Опускайтесь 3–5 сек, без рывков.",пресс,3.8,Crunch — slow eccentric,Средний,Тянуть шею руками; рывки; большой размах вместо подкручивания; отсутствует контроль темпа.
Подъём ног в висе медленный негатив,0,0,6,4,120,"Повисните на перекладине; поднимайте прямые ноги/колени к груди, удерживая таз подкрученным, опускайте медленно. Опускайтесь 3–5 сек, без рывков.",нижний пресс,3.5,Hanging leg raise — slow eccentric,Средний,Махи ногами; прогиб поясницы; отсутствие подкрутки таза; отсутствует контроль темпа.
Планка медленный негатив,5,45,0,3,120,"Опуститесь на предплечья, корпус прямой; держите нейтральную спину и напряжённый кор, не провисайте. Опускайтесь 3–5 сек, без рывков.",кор,3.9,Plank — slow eccentric,Средний,Провисание поясницы; поднятый таз; разведение лопаток; отсутствует контроль темпа.
Русский твист медленный негатив,0,30,0,4,60,"Сядьте, корпус слегка отклонён; поворачивайте плечевой пояс и таз синхронно, касаясь пола по сторонам. Опускайтесь 3–5 сек, без рывков.",косые мышцы живота,4.5,Russian twist — slow eccentric,Средний,Скругление спины; вращение одними руками; слишком быстрый темп; отсутствует контроль темпа.
Берпи медленный негатив,0,40,0,5,150,"Из стойки сделайте упор лёжа, отожмитесь; подпрыгните вверх с руками над головой. Опускайтесь 3–5 сек, без рывков.",всё тело/кардио,4.7,Burpee — slow eccentric,Средний,Плохая техника отжимания; колени заваливаются при прыжке; отсутствие фиксации вверху; отсутствует контроль темпа.
Скакалка медленный негатив,0,60,0,3,90,"Держите локти близко к корпусу; вращайте верёвку кистями и приземляйтесь на носки мягко и ритмично. Опускайтесь 3–5 сек, без рывков.",кардио/икры,3.5,Jump rope — slow eccentric,Средний,Слишком высокие прыжки; вращение плечами; жёсткая посадка на пятку; отсутствует контроль темпа.
Тяга каната к лицу нейтральным хватом,10,0,8,3,150,"Встаньте у блока с канатом; тяните к лицу, разводя кисти и сводя лопатки, держите локти высоко. Держите запястья ровными и локти стабильными.",задняя дельта/верх спины,4.2,Face pull — neutral-grip,Новичок,Локти низко; тянуть руками без лопаток; нет разведения кистей; отсутствует контроль темпа.
Обратные разведения в тренажёре частичная амплитуда,40,0,10,3,180,"Сядьте лицом к тренажёру; разводите рукояти, сводя лопатки, удерживайте паузу и возвращайте контролируемо. Работайте в целевом диапазоне без рывков.",задняя дельта,4.0,Reverse pec deck — partial ROM,Средний,Работает трапеция вместо дельт; рывки; нет паузы в пик-сокращении; отсутствует контроль темпа.
Тяга гантели в наклоне на наклонной скамье 30°,16,0,8,4,150,"Упритесь коленом и рукой в скамью; тяните гантель к тазу, сводя лопатки, опускайте без рывка. Контролируйте плечи и ведите по дуге.",широчайшие/средняя спина,4.2,Dumbbell row — on 30° incline,Средний,Скручивание корпуса; рывки; тяга к плечу вместо к тазу; отсутствует контроль темпа.
Хип-траст темп 3–1–3,20,0,15,3,150,"Плечи на скамье, штанга на тазе; поднимайте таз до линии корпус–бёдра, делая паузу вверху, опускайте. Опускайте 3 сек, пауза 1 сек, поднимайте 3 сек.",ягодицы,3.9,Hip thrust — tempo 3–1–3,Продвинутый,Чрезмерный прогиб; короткая пауза; неверная постановка стоп; отсутствует контроль темпа.
Ягодичный мост медленный негатив,0,0,15,3,150,"Лягте на спину, стопы ближе к тазу; поднимайте таз, сжимая ягодицы, опускайте, сохраняя нейтральную спину. Опускайтесь 3–5 сек, без рывков.",ягодицы,3.5,Glute bridge — slow eccentric,Средний,Толчок поясницей; неполная амплитуда; колени гуляют; отсутствует контроль темпа.
Трастеры темп 3–1–3,70,45,0,5,120,"Присядьте со штангой на груди и взрывно выжмите её над головой, возвращаясь в стойку контролируемо. Опускайте 3 сек, пауза 1 сек, поднимайте 3 сек.",всё тело,4.3,Thruster — tempo 3–1–3,Продвинутый,Ранний пресс до выпрямления ног; дуга грифа; колени заваливаются; отсутствует контроль темпа.
Жим Арнольда на наклонной скамье 30°,6,0,6,3,120,"Сидя, начните с гантелями у груди ладонями к себе; вращая кисти, выжмите вверх до полного разгибания и опустите обратно. Контролируйте плечи и ведите по дуге.",плечи,3.7,Arnold press — on 30° incline,Средний,Сваливание локтей; сведение с ударом; излишний прогиб; отсутствует контроль темпа.
Фермерская прогулка на наклонной скамье 30°,4,60,0,5,150,"Возьмите тяжёлые гантели, корпус высокий; идите ровно короткими шагами, удерживая кор и нейтральную спину. Контролируйте плечи и ведите по дуге.",хват/кор/трапеции,3.5,Farmer's walk — on 30° incline,Средний,Сутулость; переваливание корпуса; стук снарядов о ноги; задержка дыхания; отсутствует контроль темпа.
Гиперэкстензия частичная амплитуда,40,0,12,4,120,"Застегнитесь в римском стуле; поднимайте корпус до линии с ногами, не переразгибая, опускайте контролируемо. Работайте в целевом диапазоне без рывков.",разгибатели спины/ягодицы,3.5,Back extension — partial ROM,Средний,Переразгибание вверху; движение за счёт спины; слишком быстрый темп; отсутствует контроль темпа.
Кикбэк на трицепс с гантелью на наклонной скамье 30°,4,0,6,3,120,"Наклоните корпус, локоть прижмите и поднимите вверх; разгибайте руку назад до полного сокращения трицепса, возвращайте плавно. Контролируйте плечи и ведите по дуге.",трицепс,4.3,Dumbbell triceps kickback — on 30° incline,Средний,Движение плечом; локоть опускается; чрезмерный вес; отсутствует контроль темпа.
Кикбэк на трицепс на блоке (канате) нейтральным хватом,20,0,6,5,90,"Корпус в наклоне, локти фиксированы; разгибайте предплечья назад, разводя концы каната в конце амплитуды. Держите запястья ровными и локти стабильными.",трицепс,4.4,Cable triceps kickback (rope) — neutral-grip,Новичок,Разведение локтей; движение корпусом; излом запястий; отсутствует контроль темпа.
Кикбэк на трицепс с опорой на скамью на наклонной скамье 30°,4,0,10,4,60,Опирайтесь на скамью свободной рукой; из положения наклона разгибайте руку с гантелью назад до полного выпрямления. Контролируйте плечи и ведите по дуге.,трицепс,4.4,Bench-supported dumbbell triceps kickback — on 30° incline,Средний,Округление спины; локоть «уезжает»; махи; отсутствует контроль темпа.
Кикбэк на трицепс в наклоне (поочерёдно) на наклонной скамье 30°,10,0,8,4,180,"В наклоне разгибайте поочерёдно каждую руку назад, фиксируя локоть и избегая раскачки корпуса. Контролируйте плечи и ведите по дуге.",трицепс,4.2,Alternating dumbbell triceps kickback — on 30° incline,Средний,Раскачка корпусом; опускание локтя; неполная амплитуда; отсутствует контроль темпа.
Жим штанги лёжа на повторения 6–8,20,0,10,5,150,"Лягте на скамью, лопатки сведены, стопы упираются; опустите штангу к нижней груди и выжмите вверх, не теряя напряжение. Выбирайте вес для 6–8 чистых повторений.",грудь/плечи/трицепс,3.8,Barbell bench press — 6–8 reps focus,Средний,Развод локтей; отрыв стоп; отскок от груди; гиперпрогиб в пояснице; неполная пауза; отсутствует контроль темпа.
Жим гантелей на наклонной скамье на наклонной скамье 45°,4,0,8,5,150,"Лягте на наклон 30–45°, гантели у груди; выжмите по дуге вверх и сведите без удара, опускайте контролируемо. Сохраняйте плотные лопатки и ровные запястья.",верхняя грудь/плечи,4.0,Incline dumbbell press — on 45° incline,Средний,Сведение с ударом; провал плеч; опускание слишком низко; потеря контроля лопаток; отсутствует контроль темпа.
Разводка гантелей лёжа на наклонной скамье 45°,8,0,12,3,60,"Лягте на скамью, лёгкий сгиб в локтях; разводите руки по широкой дуге до растяжения груди и сводите обратно. Сохраняйте плотные лопатки и ровные запястья.",грудь,4.2,Dumbbell flye — on 45° incline,Средний,Слишком прямые руки; рывки; чрезмерный вес; превращение движения в жим; отсутствует контроль темпа.
Сведение рук в кроссовере широким хватом,15,0,6,5,120,"Встаньте между блоками, корпус слегка наклонён; сводите рукояти по дуге перед грудью, контролируя растяжение и сокращение. Локти по линии, не тяните шеёй.",грудь,4.1,Cable crossover — wide-grip,Средний,Скручивание корпуса; рывки; сведение за счёт плеч; неверная высота траектории; отсутствует контроль темпа.
Подтягивания на кольцах,0,0,15,3,120,"Возьмитесь за перекладину пронированным хватом, корпус стабилен; тянитесь грудью к перекладине, опускайтесь до полного выпрямления рук. Крепко держите нейтральные запястья и стабилизируйте плечи.",спина/бицепс,4.0,Pull-up — on rings,Продвинутый,Недоразгибание локтей; раскачка; подбородок не выше перекладины; не сводите лопатки; отсутствует контроль темпа.
Тяга верхнего блока широким хватом,5,0,10,3,180,"Возьмитесь широким хватом, грудь вперёд; тяните рукоять к верхней груди, сводя лопатки, поднимайте руки контролируемо. Локти по линии, не тяните шеёй.",широчайшие/бицепс,3.7,Lat pulldown — wide-grip,Средний,Тяга за голову; чрезмерный прогиб; работа руками вместо спины; отбивание веса; отсутствует контроль темпа.
Тяга штанги в наклоне на повторения 6–8,70,0,8,3,150,"Станьте в наклон 30–45°, спина нейтральна; тяните штангу к нижней части живота, сводя лопатки, опускайте без рывков. Выбирайте вес для 6–8 чистых повторений.",спина/задняя дельта,4.6,Bent-over barbell row — 6–8 reps focus,Средний,Круглая спина; подрыв корпусом; траектория слишком высоко; отсутствие паузы; отсутствует контроль темпа.
Гребля на тренажёре с узкой постановкой,40,45,0,4,150,"Сядьте, стопы закреплены, спина нейтральна; толчок ногами, затем тяга к солнечному сплетению, верните в обратной последовательности. Держите колени по линии носков.",спина/кардио,4.6,Rowing machine — narrow stance,Средний,Тянуть одними руками; ранний подсрыв корпусом; провал колен внутрь; сгибание запястий; отсутствует контроль темпа.
Становая тяга на повторения 6–8,70,0,12,3,60,"Стопы на ширине таза, гриф над серединой стопы; держите спину нейтральной, поднимайте штангу, разгибая колени и бёдра одновременно. Выбирайте вес для 6–8 чистых повторений.",задняя цепь/спина/ягодицы,4.4,Deadlift — 6–8 reps focus,Продвинутый,Округление поясницы; гриф далеко от тела; рывок с пола; перезалом вверху; отсутствует контроль темпа.
Румынская тяга на повторения 6–8,40,0,8,5,90,"Штанга в руках, колени мягкие; отведите таз назад, опуская штангу вдоль бёдер до натяжения задней поверхности, затем вернитесь. Выбирайте вес для 6–8 чистых повторений.",бёдра/ягодицы,4.1,Romanian deadlift — 6–8 reps focus,Средний,Сильный сгиб коленей; гриф далеко от ног; гиперпрогиб; короткая амплитуда; отсутствует контроль темпа.
Приседания со штангой на повторения 6–8,20,0,12,4,180,"Стойка на ширине плеч, корпус напряжён; присядьте до параллели, колени по траектории носков, встаньте, сохраняя нейтральную спину. Выбирайте вес для 6–8 чистых повторений.",квадрицепсы/ягодицы/кор,4.5,Back squat — 6–8 reps focus,Средний,Колени заваливаются; пятки отрываются; округление спины; непостоянная глубина; отсутствует контроль темпа.
Жим ногами с узкой постановкой,40,0,12,3,90,"Стопы на платформе, поясница прижата; опускайте платформу до угла 90° в коленях и выжимайте, не выпрямляя колени в «замок». Держите колени по линии носков.",квадрицепсы/ягодицы,3.5,Leg press — narrow stance,Средний,Сведение колен; отрыв поясницы; замок в коленях; слишком узкая постановка; отсутствует контроль темпа.
Выпады на наклонной скамье 45°,12,0,6,4,180,"Сделайте широкий шаг вперёд; опуститесь до прямого угла в колене передней ноги, толкнитесь пяткой и вернитесь. Сохраняйте плотные лопатки и ровные запястья.",ягодицы/квадрицепсы,4.7,Lunge — on 45° incline,Средний,Колено заваливается; шаг слишком короткий; чрезмерный наклон корпуса; толчок носком; отсутствует контроль темпа.
Гакк-присед с узкой постановкой,30,0,12,3,60,"Спина прижата к спинке, стопы чуть впереди; присядьте до параллели и выжмите, держа колени в линии носков. Держите колени по линии носков.",квадрицепсы,4.0,Hack squat — narrow stance,Средний,Отрыв пяток; колени слишком вперёд; прогиб поясницы; короткая амплитуда; отсутствует контроль темпа.
Сгибания ног лёжа с узкой постановкой,40,0,8,3,150,"Лягте лицом вниз, валики над пятками; сгибайте колени до полного сокращения бицепса бедра и опускайте контролируемо. Держите колени по линии носков.",бицепс бедра,4.4,Lying leg curl — narrow stance,Средний,Отрыв таза; рывки; движение тазом; отсутствие паузы; отсутствует контроль темпа.
Разгибания ног с узкой постановкой,20,0,12,3,90,"Сядьте, валик над голенями; разгибайте колени до верхней точки без рывка, опускайте с контролем. Держите колени по линии носков.",квадрицепсы,4.6,Leg extension — narrow stance,Средний,Рывки; чрезмерный вес; разведение колен; болтающиеся стопы; отсутствует контроль темпа.
Подъёмы на носки с узкой постановкой,50,0,15,5,90,"Встаньте носками на платформу; поднимайтесь на носки, делая паузу вверху, опускайтесь до растяжения икр. Держите колени по линии носков.",икры,4.3,Calf raise — narrow stance,Средний,Короткая амплитуда; пружинение; согнутые колени; разворот носков без контроля; отсутствует контроль темпа.
Жим штанги стоя на повторения 6–8,40,0,6,4,120,"Стойка на ширине плеч, корпус напряжён; выжмите штангу над головой по прямой и опустите под контроль. Выбирайте вес для 6–8 чистых повторений.",плечи/трицепс,4.6,Overhead press — 6–8 reps focus,Средний,Гиперпрогиб поясницы; дуга траектории; локти назад; задержка дыхания; отсутствует контроль темпа.
Жим гантелей сидя на наклонной скамье 45°,6,0,10,4,120,"Сядьте, лопатки сведены; выжимайте гантели вверх по дуге и опускайте до уровня ушей. Сохраняйте плотные лопатки и ровные запястья.",плечи,4.4,Seated dumbbell shoulder press — on 45° incline,Средний,Сведение с ударом; отрыв поясницы; опускание слишком низко; отсутствует контроль темпа.
Махи гантелями в стороны на наклонной скамье 45°,6,0,8,3,90,"Встаньте прямо, лёгкий наклон корпуса; поднимайте гантели в стороны до уровня плеч, ведите локтем, опускайте медленно. Сохраняйте плотные лопатки и ровные запястья.",средняя дельта,3.8,Dumbbell lateral raise — on 45° incline,Средний,Читинг корпусом; чрезмерные веса; внутренний поворот плеча; отсутствует контроль темпа.
Тяга к подбородку на повторения 6–8,20,0,15,3,120,"Возьмитесь узким хватом; тяните штангу вдоль корпуса до верхней груди/ключиц, локти выше грифа, опускайте плавно. Выбирайте вес для 6–8 чистых повторений.",плечи/трапеции,4.6,Upright row — 6–8 reps focus,Средний,Слишком узкий хват; подъём слишком высоко; излом запястий; отсутствует контроль темпа.
Шраги на наклонной скамье 45°,6,0,8,5,180,"Держите гантели по бокам; поднимайте плечи вверх к ушам, делая короткую паузу, опускайте полностью. Сохраняйте плотные лопатки и ровные запястья.",трапеции,4.3,Shrug — on 45° incline,Средний,Вращение плечами; короткая амплитуда; чрезмерный вес с читингом; отсутствует контроль темпа.
Подъём на бицепс со штангой на повторения 6–8,20,0,6,5,150,"Стойка стабильна, локти у корпуса; сгибайте руки, не раскачивая корпус, опускайте под контролем. Выбирайте вес для 6–8 чистых повторений.",бицепс,4.6,Barbell biceps curl — 6–8 reps focus,Средний,Раскачка корпусом; локти уходят вперёд; частичная амплитуда; отсутствует контроль темпа.
Подъём на бицепс молот на наклонной скамье 45°,8,0,12,3,150,"Хват нейтральный, локти у корпуса; поднимайте гантели, сохраняя предплечья в нейтрали, опускайте медленно. Сохраняйте плотные лопатки и ровные запястья.",бицепс/предплечья,3.5,Hammer curl — on 45° incline,Средний,Локти отходят; махи; неконтролируемая эксцентрика; отсутствует контроль темпа.
Концентрированный подъём на бицепс на наклонной скамье 45°,4,0,10,3,60,"Сядьте, упёрев локоть в бедро; поднимайте гантель к плечу, делая паузу вверху, опускайте контролируемо. Сохраняйте плотные лопатки и ровные запястья.",бицепс,3.8,Concentration curl — on 45° incline,Средний,Движение плечом; потеря фиксации локтя; скручивание корпуса; отсутствует контроль темпа.
Французский жим на повторения 6–8,40,0,15,3,60,"Лягте на скамью, штанга над грудью; сгибайте руки, опуская гриф к лбу/за голову, разогните до полного сокращения трицепса. Выбирайте вес для 6–8 чистых повторений.",трицепс,3.6,Lying triceps extension — 6–8 reps focus,Средний,Локти расходятся; опускание на лоб; гиперпрогиб в пояснице; отсутствует контроль темпа.
Разгибания на блоке широким хватом,15,0,8,4,180,"Встаньте у верхнего блока, локти прижаты; разгибайте руки вниз до полного выпрямления и возвращайте без раскачки. Локти по линии, не тяните шеёй.",трицепс,5.0,Triceps pushdown — wide-grip,Средний,Локти уходят от корпуса; раскачка; перегиб кистей; отсутствует контроль темпа.
Отжимания на брусьях на кольцах,0,0,6,3,180,"Опирайтесь на брусья, корпус слегка наклонён; опускайтесь до параллели плеч с локтями, выжимайтесь вверх. Крепко держите нейтральные запястья и стабилизируйте плечи.",грудь/трицепс,4.1,Dip — on rings,Продвинутый,Сильный провал в плечах; чрезмерная глубина; разброс локтей; отсутствует контроль темпа.
Отжимания на кольцах,0,0,10,4,90,"Упритесь ладонями под плечами, корпус прямой; опуститесь до касания грудью/90° в локтях, выжмитесь вверх. Крепко держите нейтральные запястья и стабилизируйте плечи.",грудь/плечи/трицепс,5.0,Push-up — on rings,Продвинутый,Провисание корпуса; локти сильно в стороны; неполная амплитуда; отсутствует контроль темпа.
Скручивания на кольцах,0,0,6,5,90,"Лягте на спину, колени согнуты; подкручивайте грудную клетку к тазу, не тяните шею, делайте короткую паузу вверху. Крепко держите нейтральные запястья и стабилизируйте плечи.",пресс,3.7,Crunch — on rings,Продвинутый,Тянуть шею руками; рывки; большой размах вместо подкручивания; отсутствует контроль темпа.
Подъём ног в висе на кольцах,0,0,10,3,180,"Повисните на перекладине; поднимайте прямые ноги/колени к груди, удерживая таз подкрученным, опускайте медленно. Крепко держите нейтральные запястья и стабилизируйте плечи.",нижний пресс,3.5,Hanging leg raise — on rings,Продвинутый,Махи ногами; прогиб поясницы; отсутствие подкрутки таза; отсутствует контроль темпа.
Планка на кольцах,5,45,0,5,150,"Опуститесь на предплечья, корпус прямой; держите нейтральную спину и напряжённый кор, не провисайте. Крепко держите нейтральные запястья и стабилизируйте плечи.",кор,3.5,Plank — on rings,Продвинутый,Провисание поясницы; поднятый таз; разведение лопаток; отсутствует контроль темпа.
Русский твист на кольцах,0,45,0,5,180,"Сядьте, корпус слегка отклонён; поворачивайте плечевой пояс и таз синхронно, касаясь пола по сторонам. Крепко держите нейтральные запястья и стабилизируйте плечи.",косые мышцы живота,4.5,Russian twist — on rings,Продвинутый,Скругление спины; вращение одними руками; слишком быстрый темп; отсутствует контроль темпа.
Берпи на кольцах,0,45,0,5,120,"Из стойки сделайте упор лёжа, отожмитесь; подпрыгните вверх с руками над головой. Крепко держите нейтральные запястья и стабилизируйте плечи.",всё тело/кардио,4.6,Burpee — on rings,Продвинутый,Плохая техника отжимания; колени заваливаются при прыжке; отсутствие фиксации вверху; отсутствует контроль темпа.
Скакалка на кольцах,0,45,0,3,120,Держите локти близко к корпусу; вращайте верёвку кистями и приземляйтесь на носки мягко и ритмично. Крепко держите нейтральные запястья и стабилизируйте плечи.,кардио/икры,3.5,Jump rope — on rings,Продвинутый,Слишком высокие прыжки; вращение плечами; жёсткая посадка на пятку; отсутствует контроль темпа.
Тяга каната к лицу широким хватом,20,0,6,4,90,"Встаньте у блока с канатом; тяните к лицу, разводя кисти и сводя лопатки, держите локти высоко. Локти по линии, не тяните шеёй.",задняя дельта/верх спины,4.4,Face pull — wide-grip,Средний,Локти низко; тянуть руками без лопаток; нет разведения кистей; отсутствует контроль темпа.
Обратные разведения в тренажёре с узкой постановкой,20,0,8,3,150,"Сядьте лицом к тренажёру; разводите рукояти, сводя лопатки, удерживайте паузу и возвращайте контролируемо. Держите колени по линии носков.",задняя дельта,3.9,Reverse pec deck — narrow stance,Средний,Работает трапеция вместо дельт; рывки; нет паузы в пик-сокращении; отсутствует контроль темпа.
Тяга гантели в наклоне на наклонной скамье 45°,8,0,6,4,180,"Упритесь коленом и рукой в скамью; тяните гантель к тазу, сводя лопатки, опускайте без рывка. Сохраняйте плотные лопатки и ровные запястья.",широчайшие/средняя спина,4.5,Dumbbell row — on 45° incline,Средний,Скручивание корпуса; рывки; тяга к плечу вместо к тазу; отсутствует контроль темпа.
Хип-траст на повторения 6–8,20,0,8,3,60,"Плечи на скамье, штанга на тазе; поднимайте таз до линии корпус–бёдра, делая паузу вверху, опускайте. Выбирайте вес для 6–8 чистых повторений.",ягодицы,4.1,Hip thrust — 6–8 reps focus,Средний,Чрезмерный прогиб; короткая пауза; неверная постановка стоп; отсутствует контроль темпа.
Ягодичный мост на кольцах,0,0,12,3,180,"Лягте на спину, стопы ближе к тазу; поднимайте таз, сжимая ягодицы, опускайте, сохраняя нейтральную спину. Крепко держите нейтральные запястья и стабилизируйте плечи.",ягодицы,3.6,Glute bridge — on rings,Продвинутый,Толчок поясницей; неполная амплитуда; колени гуляют; отсутствует контроль темпа.
Трастеры на повторения 6–8,40,30,0,3,120,"Присядьте со штангой на груди и взрывно выжмите её над головой, возвращаясь в стойку контролируемо. Выбирайте вес для 6–8 чистых повторений.",всё тело,4.3,Thruster — 6–8 reps focus,Продвинутый,Ранний пресс до выпрямления ног; дуга грифа; колени заваливаются; отсутствует контроль темпа.
Жим Арнольда на наклонной скамье 45°,10,0,8,3,60,"Сидя, начните с гантелями у груди ладонями к себе; вращая кисти, выжмите вверх до полного разгибания и опустите обратно. Сохраняйте плотные лопатки и ровные запястья.",плечи,3.9,Arnold press — on 45° incline,Средний,Сваливание локтей; сведение с ударом; излишний прогиб; отсутствует контроль темпа.
Фермерская прогулка на наклонной скамье 45°,20,30,0,4,90,"Возьмите тяжёлые гантели, корпус высокий; идите ровно короткими шагами, удерживая кор и нейтральную спину. Сохраняйте плотные лопатки и ровные запястья.",хват/кор/трапеции,3.9,Farmer's walk — on 45° incline,Средний,Сутулость; переваливание корпуса; стук снарядов о ноги; задержка дыхания; отсутствует контроль темпа.
Гиперэкстензия с узкой постановкой,50,0,12,4,60,"Застегнитесь в римском стуле; поднимайте корпус до линии с ногами, не переразгибая, опускайте контролируемо. Держите колени по линии носков.",разгибатели спины/ягодицы,3.9,Back extension — narrow stance,Средний,Переразгибание вверху; движение за счёт спины; слишком быстрый темп; отсутствует контроль темпа.
Кикбэк на трицепс с гантелью на наклонной скамье 45°,16,0,12,3,180,"Наклоните корпус, локоть прижмите и поднимите вверх; разгибайте руку назад до полного сокращения трицепса, возвращайте плавно. Сохраняйте плотные лопатки и ровные запястья.",трицепс,4.6,Dumbbell triceps kickback — on 45° incline,Средний,Движение плечом; локоть опускается; чрезмерный вес; отсутствует контроль темпа.
Кикбэк на трицепс на блоке (канате) широким хватом,25,0,8,5,90,"Корпус в наклоне, локти фиксированы; разгибайте предплечья назад, разводя концы каната в конце амплитуды. Локти по линии, не тяните шеёй.",трицепс,4.4,Cable triceps kickback (rope) — wide-grip,Средний,Разведение локтей; движение корпусом; излом запястий; отсутствует контроль темпа.
Кикбэк на трицепс с опорой на скамью на наклонной скамье 45°,12,0,8,4,90,Опирайтесь на скамью свободной рукой; из положения наклона разгибайте руку с гантелью назад до полного выпрямления. Сохраняйте плотные лопатки и ровные запястья.,трицепс,4.1,Bench-supported dumbbell triceps kickback — on 45° incline,Средний,Округление спины; локоть «уезжает»; махи; отсутствует контроль темпа.
Кикбэк на трицепс в наклоне (поочерёдно) на наклонной скамье 45°,10,0,12,5,90,"В наклоне разгибайте поочерёдно каждую руку назад, фиксируя локоть и избегая раскачки корпуса. Сохраняйте плотные лопатки и ровные запястья.",трицепс,4.3,Alternating dumbbell triceps kickback — on 45° incline,Средний,Раскачка корпусом; опускание локтя; неполная амплитуда; отсутствует контроль темпа.
Жим штанги лёжа на повторения 12–15,20,0,8,3,90,"Лягте на скамью, лопатки сведены, стопы упираются; опустите штангу к нижней груди и выжмите вверх, не теряя напряжение. Работайте в памповом диапазоне 12–15 повторений.",грудь/плечи/трицепс,3.9,Barbell bench press — 12–15 reps focus,Средний,Развод локтей; отрыв стоп; отскок от груди; гиперпрогиб в пояснице; неполная пауза; отсутствует контроль темпа.
Жим гантелей на наклонной скамье на отрицательном наклоне,4,0,6,5,120,"Лягте на наклон 30–45°, гантели у груди; выжмите по дуге вверх и сведите без удара, опускайте контролируемо. Фиксируйте корпус и голову, работайте без рывков.",верхняя грудь/плечи,4.0,Incline dumbbell press — on decline bench,Средний,Сведение с ударом; провал плеч; опускание слишком низко; потеря контроля лопаток; отсутствует контроль темпа.
Разводка гантелей лёжа на отрицательном наклоне,16,0,12,5,120,"Лягте на скамью, лёгкий сгиб в локтях; разводите руки по широкой дуге до растяжения груди и сводите обратно. Фиксируйте корпус и голову, работайте без рывков.",грудь,4.4,Dumbbell flye — on decline bench,Средний,Слишком прямые руки; рывки; чрезмерный вес; превращение движения в жим; отсутствует контроль темпа.
Сведение рук в кроссовере узким хватом,20,0,15,3,150,"Встаньте между блоками, корпус слегка наклонён; сводите рукояти по дуге перед грудью, контролируя растяжение и сокращение. Локти ближе к корпусу, полная амплитуда.",грудь,4.3,Cable crossover — close-grip,Средний,Скручивание корпуса; рывки; сведение за счёт плеч; неверная высота траектории; отсутствует контроль темпа.
Подтягивания с упором на колени/локти,0,0,12,5,150,"Возьмитесь за перекладину пронированным хватом, корпус стабилен; тянитесь грудью к перекладине, опускайтесь до полного выпрямления рук. Упростите вариант, сохраняя нейтральную спину.",спина/бицепс,3.5,Pull-up — knees/elbows support,Средний,Недоразгибание локтей; раскачка; подбородок не выше перекладины; не сводите лопатки; отсутствует контроль темпа.
Тяга верхнего блока узким хватом,20,0,12,4,90,"Возьмитесь широким хватом, грудь вперёд; тяните рукоять к верхней груди, сводя лопатки, поднимайте руки контролируемо. Локти ближе к корпусу, полная амплитуда.",широчайшие/бицепс,4.2,Lat pulldown — close-grip,Средний,Тяга за голову; чрезмерный прогиб; работа руками вместо спины; отбивание веса; отсутствует контроль темпа.
Тяга штанги в наклоне на повторения 12–15,50,0,12,3,150,"Станьте в наклон 30–45°, спина нейтральна; тяните штангу к нижней части живота, сводя лопатки, опускайте без рывков. Работайте в памповом диапазоне 12–15 повторений.",спина/задняя дельта,4.1,Bent-over barbell row — 12–15 reps focus,Средний,Круглая спина; подрыв корпусом; траектория слишком высоко; отсутствие паузы; отсутствует контроль темпа.
Гребля на тренажёре с широкой постановкой,30,30,0,4,150,"Сядьте, стопы закреплены, спина нейтральна; толчок ногами, затем тяга к солнечному сплетению, верните в обратной последовательности. Сохраняйте стопы под контролем и полный контакт спиной.",спина/кардио,4.6,Rowing machine — wide stance,Средний,Тянуть одними руками; ранний подсрыв корпусом; провал колен внутрь; сгибание запястий; отсутствует контроль темпа.
Становая тяга на повторения 12–15,70,0,12,5,180,"Стопы на ширине таза, гриф над серединой стопы; держите спину нейтральной, поднимайте штангу, разгибая колени и бёдра одновременно. Работайте в памповом диапазоне 12–15 повторений.",задняя цепь/спина/ягодицы,4.2,Deadlift — 12–15 reps focus,Продвинутый,Округление поясницы; гриф далеко от тела; рывок с пола; перезалом вверху; отсутствует контроль темпа.
Румынская тяга на повторения 12–15,70,0,8,3,120,"Штанга в руках, колени мягкие; отведите таз назад, опуская штангу вдоль бёдер до натяжения задней поверхности, затем вернитесь. Работайте в памповом диапазоне 12–15 повторений.",бёдра/ягодицы,3.9,Romanian deadlift — 12–15 reps focus,Средний,Сильный сгиб коленей; гриф далеко от ног; гиперпрогиб; короткая амплитуда; отсутствует контроль темпа.
Приседания со штангой на повторения 12–15,70,0,6,5,150,"Стойка на ширине плеч, корпус напряжён; присядьте до параллели, колени по траектории носков, встаньте, сохраняя нейтральную спину. Работайте в памповом диапазоне 12–15 повторений.",квадрицепсы/ягодицы/кор,4.8,Back squat — 12–15 reps focus,Средний,Колени заваливаются; пятки отрываются; округление спины; непостоянная глубина; отсутствует контроль темпа.
Жим ногами с широкой постановкой,50,0,8,3,60,"Стопы на платформе, поясница прижата; опускайте платформу до угла 90° в коленях и выжимайте, не выпрямляя колени в «замок». Сохраняйте стопы под контролем и полный контакт спиной.",квадрицепсы/ягодицы,3.8,Leg press — wide stance,Средний,Сведение колен; отрыв поясницы; замок в коленях; слишком узкая постановка; отсутствует контроль темпа.
Выпады на отрицательном наклоне,10,0,6,3,90,"Сделайте широкий шаг вперёд; опуститесь до прямого угла в колене передней ноги, толкнитесь пяткой и вернитесь. Фиксируйте корпус и голову, работайте без рывков.",ягодицы/квадрицепсы,4.7,Lunge — on decline bench,Средний,Колено заваливается; шаг слишком короткий; чрезмерный наклон корпуса; толчок носком; отсутствует контроль темпа.
Гакк-присед с широкой постановкой,10,0,8,5,90,"Спина прижата к спинке, стопы чуть впереди; присядьте до параллели и выжмите, держа колени в линии носков. Сохраняйте стопы под контролем и полный контакт спиной.",квадрицепсы,4.1,Hack squat — wide stance,Средний,Отрыв пяток; колени слишком вперёд; прогиб поясницы; короткая амплитуда; отсутствует контроль темпа.
Сгибания ног лёжа с широкой постановкой,30,0,15,4,90,"Лягте лицом вниз, валики над пятками; сгибайте колени до полного сокращения бицепса бедра и опускайте контролируемо. Сохраняйте стопы под контролем и полный контакт спиной.",бицепс бедра,4.3,Lying leg curl — wide stance,Средний,Отрыв таза; рывки; движение тазом; отсутствие паузы; отсутствует контроль темпа.
Разгибания ног с широкой постановкой,30,0,10,4,90,"Сядьте, валик над голенями; разгибайте колени до верхней точки без рывка, опускайте с контролем. Сохраняйте стопы под контролем и полный контакт спиной.",квадрицепсы,4.6,Leg extension — wide stance,Средний,Рывки; чрезмерный вес; разведение колен; болтающиеся стопы; отсутствует контроль темпа.
Подъёмы на носки с широкой постановкой,30,0,12,3,180,"Встаньте носками на платформу; поднимайтесь на носки, делая паузу вверху, опускайтесь до растяжения икр. Сохраняйте стопы под контролем и полный контакт спиной.",икры,4.2,Calf raise — wide stance,Средний,Короткая амплитуда; пружинение; согнутые колени; разворот носков без контроля; отсутствует контроль темпа.
Жим штанги стоя на повторения 12–15,20,0,8,4,120,"Стойка на ширине плеч, корпус напряжён; выжмите штангу над головой по прямой и опустите под контроль. Работайте в памповом диапазоне 12–15 повторений.",плечи/трицепс,4.4,Overhead press — 12–15 reps focus,Средний,Гиперпрогиб поясницы; дуга траектории; локти назад; задержка дыхания; отсутствует контроль темпа.
Жим гантелей сидя на отрицательном наклоне,16,0,12,3,120,"Сядьте, лопатки сведены; выжимайте гантели вверх по дуге и опускайте до уровня ушей. Фиксируйте корпус и голову, работайте без рывков.",плечи,4.3,Seated dumbbell shoulder press — on decline bench,Средний,Сведение с ударом; отрыв поясницы; опускание слишком низко; отсутствует контроль темпа.
Махи гантелями в стороны на отрицательном наклоне,4,0,12,3,120,"Встаньте прямо, лёгкий наклон корпуса; поднимайте гантели в стороны до уровня плеч, ведите локтем, опускайте медленно. Фиксируйте корпус и голову, работайте без рывков.",средняя дельта,4.1,Dumbbell lateral raise — on decline bench,Средний,Читинг корпусом; чрезмерные веса; внутренний поворот плеча; отсутствует контроль темпа.
Тяга к подбородку на повторения 12–15,50,0,6,5,120,"Возьмитесь узким хватом; тяните штангу вдоль корпуса до верхней груди/ключиц, локти выше грифа, опускайте плавно. Работайте в памповом диапазоне 12–15 повторений.",плечи/трапеции,4.7,Upright row — 12–15 reps focus,Средний,Слишком узкий хват; подъём слишком высоко; излом запястий; отсутствует контроль темпа.
Шраги на отрицательном наклоне,8,0,15,5,60,"Держите гантели по бокам; поднимайте плечи вверх к ушам, делая короткую паузу, опускайте полностью. Фиксируйте корпус и голову, работайте без рывков.",трапеции,4.5,Shrug — on decline bench,Средний,Вращение плечами; короткая амплитуда; чрезмерный вес с читингом; отсутствует контроль темпа.
Подъём на бицепс со штангой на повторения 12–15,40,0,12,5,120,"Стойка стабильна, локти у корпуса; сгибайте руки, не раскачивая корпус, опускайте под контролем. Работайте в памповом диапазоне 12–15 повторений.",бицепс,4.7,Barbell biceps curl — 12–15 reps focus,Новичок,Раскачка корпусом; локти уходят вперёд; частичная амплитуда; отсутствует контроль темпа.
Подъём на бицепс молот на отрицательном наклоне,8,0,10,5,90,"Хват нейтральный, локти у корпуса; поднимайте гантели, сохраняя предплечья в нейтрали, опускайте медленно. Фиксируйте корпус и голову, работайте без рывков.",бицепс/предплечья,3.6,Hammer curl — on decline bench,Средний,Локти отходят; махи; неконтролируемая эксцентрика; отсутствует контроль темпа.
Концентрированный подъём на бицепс на отрицательном наклоне,6,0,6,4,90,"Сядьте, упёрев локоть в бедро; поднимайте гантель к плечу, делая паузу вверху, опускайте контролируемо. Фиксируйте корпус и голову, работайте без рывков.",бицепс,4.1,Concentration curl — on decline bench,Средний,Движение плечом; потеря фиксации локтя; скручивание корпуса; отсутствует контроль темпа.
Французский жим на повторения 12–15,40,0,6,4,180,"Лягте на скамью, штанга над грудью; сгибайте руки, опуская гриф к лбу/за голову, разогните до полного сокращения трицепса. Работайте в памповом диапазоне 12–15 повторений.",трицепс,3.5,Lying triceps extension — 12–15 reps focus,Средний,Локти расходятся; опускание на лоб; гиперпрогиб в пояснице; отсутствует контроль темпа.
Разгибания на блоке узким хватом,5,0,15,5,120,"Встаньте у верхнего блока, локти прижаты; разгибайте руки вниз до полного выпрямления и возвращайте без раскачки. Локти ближе к корпусу, полная амплитуда.",трицепс,5.0,Triceps pushdown — close-grip,Средний,Локти уходят от корпуса; раскачка; перегиб кистей; отсутствует контроль темпа.
Отжимания на брусьях с упором на колени/локти,5,0,8,3,120,"Опирайтесь на брусья, корпус слегка наклонён; опускайтесь до параллели плеч с локтями, выжимайтесь вверх. Упростите вариант, сохраняя нейтральную спину.",грудь/трицепс,4.3,Dip — knees/elbows support,Средний,Сильный провал в плечах; чрезмерная глубина; разброс локтей; отсутствует контроль темпа.
Отжимания с упором на колени/локти,0,0,10,3,90,"Упритесь ладонями под плечами, корпус прямой; опуститесь до касания грудью/90° в локтях, выжмитесь вверх. Упростите вариант, сохраняя нейтральную спину.",грудь/плечи/трицепс,5.0,Push-up — knees/elbows support,Новичок,Провисание корпуса; локти сильно в стороны; неполная амплитуда; отсутствует контроль темпа.
Скручивания с упором на колени/локти,0,0,6,3,60,"Лягте на спину, колени согнуты; подкручивайте грудную клетку к тазу, не тяните шею, делайте короткую паузу вверху. Упростите вариант, сохраняя нейтральную спину.",пресс,3.7,Crunch — knees/elbows support,Новичок,Тянуть шею руками; рывки; большой размах вместо подкручивания; отсутствует контроль темпа.
Подъём ног в висе с упором на колени/локти,5,0,15,4,180,"Повисните на перекладине; поднимайте прямые ноги/колени к груди, удерживая таз подкрученным, опускайте медленно. Упростите вариант, сохраняя нейтральную спину.",нижний пресс,3.7,Hanging leg raise — knees/elbows support,Средний,Махи ногами; прогиб поясницы; отсутствие подкрутки таза; отсутствует контроль темпа.
Планка с упором на колени/локти,5,60,0,3,90,"Опуститесь на предплечья, корпус прямой; держите нейтральную спину и напряжённый кор, не провисайте. Упростите вариант, сохраняя нейтральную спину.",кор,3.5,Plank — knees/elbows support,Новичок,Провисание поясницы; поднятый таз; разведение лопаток; отсутствует контроль темпа.
Русский твист с упором на колени/локти,0,20,0,3,90,"Сядьте, корпус слегка отклонён; поворачивайте плечевой пояс и таз синхронно, касаясь пола по сторонам. Упростите вариант, сохраняя нейтральную спину.",косые мышцы живота,4.1,Russian twist — knees/elbows support,Новичок,Скругление спины; вращение одними руками; слишком быстрый темп; отсутствует контроль темпа.
Берпи с упором на колени/локти,0,30,0,5,120,"Из стойки сделайте упор лёжа, отожмитесь; подпрыгните вверх с руками над головой. Упростите вариант, сохраняя нейтральную спину.",всё тело/кардио,4.8,Burpee — knees/elbows support,Средний,Плохая техника отжимания; колени заваливаются при прыжке; отсутствие фиксации вверху; отсутствует контроль темпа.
Скакалка с упором на колени/локти,5,20,0,5,180,"Держите локти близко к корпусу; вращайте верёвку кистями и приземляйтесь на носки мягко и ритмично. Упростите вариант, сохраняя нейтральную спину.",кардио/икры,3.7,Jump rope — knees/elbows support,Новичок,Слишком высокие прыжки; вращение плечами; жёсткая посадка на пятку; отсутствует контроль темпа.
Тяга каната к лицу узким хватом,10,0,15,5,150,"Встаньте у блока с канатом; тяните к лицу, разводя кисти и сводя лопатки, держите локти высоко. Локти ближе к корпусу, полная амплитуда.",задняя дельта/верх спины,4.1,Face pull — close-grip,Средний,Локти низко; тянуть руками без лопаток; нет разведения кистей; отсутствует контроль темпа.
Обратные разведения в тренажёре с широкой постановкой,50,0,6,3,60,"Сядьте лицом к тренажёру; разводите рукояти, сводя лопатки, удерживайте паузу и возвращайте контролируемо. Сохраняйте стопы под контролем и полный контакт спиной.",задняя дельта,3.6,Reverse pec deck — wide stance,Средний,Работает трапеция вместо дельт; рывки; нет паузы в пик-сокращении; отсутствует контроль темпа.
Тяга гантели в наклоне на отрицательном наклоне,4,0,8,3,90,"Упритесь коленом и рукой в скамью; тяните гантель к тазу, сводя лопатки, опускайте без рывка. Фиксируйте корпус и голову, работайте без рывков.",широчайшие/средняя спина,4.7,Dumbbell row — on decline bench,Средний,Скручивание корпуса; рывки; тяга к плечу вместо к тазу; отсутствует контроль темпа.
Хип-траст на повторения 12–15,60,0,6,3,180,"Плечи на скамье, штанга на тазе; поднимайте таз до линии корпус–бёдра, делая паузу вверху, опускайте. Работайте в памповом диапазоне 12–15 повторений.",ягодицы,4.2,Hip thrust — 12–15 reps focus,Новичок,Чрезмерный прогиб; короткая пауза; неверная постановка стоп; отсутствует контроль темпа.
Ягодичный мост с упором на колени/локти,5,0,8,3,150,"Лягте на спину, стопы ближе к тазу; поднимайте таз, сжимая ягодицы, опускайте, сохраняя нейтральную спину. Упростите вариант, сохраняя нейтральную спину.",ягодицы,3.7,Glute bridge — knees/elbows support,Новичок,Толчок поясницей; неполная амплитуда; колени гуляют; отсутствует контроль темпа.
Трастеры на повторения 12–15,20,30,0,5,120,"Присядьте со штангой на груди и взрывно выжмите её над головой, возвращаясь в стойку контролируемо. Работайте в памповом диапазоне 12–15 повторений.",всё тело,4.4,Thruster — 12–15 reps focus,Продвинутый,Ранний пресс до выпрямления ног; дуга грифа; колени заваливаются; отсутствует контроль темпа.
Жим Арнольда на отрицательном наклоне,16,0,6,5,150,"Сидя, начните с гантелями у груди ладонями к себе; вращая кисти, выжмите вверх до полного разгибания и опустите обратно. Фиксируйте корпус и голову, работайте без рывков.",плечи,3.9,Arnold press — on decline bench,Средний,Сваливание локтей; сведение с ударом; излишний прогиб; отсутствует контроль темпа.
Фермерская прогулка на отрицательном наклоне,4,45,0,4,150,"Возьмите тяжёлые гантели, корпус высокий; идите ровно короткими шагами, удерживая кор и нейтральную спину. Фиксируйте корпус и голову, работайте без рывков.",хват/кор/трапеции,3.7,Farmer's walk — on decline bench,Средний,Сутулость; переваливание корпуса; стук снарядов о ноги; задержка дыхания; отсутствует контроль темпа.
Гиперэкстензия с широкой постановкой,10,0,12,3,90,"Застегнитесь в римском стуле; поднимайте корпус до линии с ногами, не переразгибая, опускайте контролируемо. Сохраняйте стопы под контролем и полный контакт спиной.",разгибатели спины/ягодицы,3.5,Back extension — wide stance,Средний,Переразгибание вверху; движение за счёт спины; слишком быстрый темп; отсутствует контроль темпа.
Кикбэк на трицепс с гантелью на отрицательном наклоне,16,0,6,3,120,"Наклоните корпус, локоть прижмите и поднимите вверх; разгибайте руку назад до полного сокращения трицепса, возвращайте плавно. Фиксируйте корпус и голову, работайте без рывков.",трицепс,4.7,Dumbbell triceps kickback — on decline bench,Средний,Движение плечом; локоть опускается; чрезмерный вес; отсутствует контроль темпа.
Кикбэк на трицепс на блоке (канате) узким хватом,15,0,10,5,60,"Корпус в наклоне, локти фиксированы; разгибайте предплечья назад, разводя концы каната в конце амплитуды. Локти ближе к корпусу, полная амплитуда.",трицепс,4.6,Cable triceps kickback (rope) — close-grip,Средний,Разведение локтей; движение корпусом; излом запястий; отсутствует контроль темпа.
Кикбэк на трицепс с опорой на скамью на отрицательном наклоне,8,0,12,5,180,"Опирайтесь на скамью свободной рукой; из положения наклона разгибайте руку с гантелью назад до полного выпрямления. Фиксируйте корпус и голову, работайте без рывков.",трицепс,4.2,Bench-supported dumbbell triceps kickback — on decline bench,Средний,Округление спины; локоть «уезжает»; махи; отсутствует контроль темпа.
Кикбэк на трицепс в наклоне (поочерёдно) на отрицательном наклоне,4,0,8,3,180,"В наклоне разгибайте поочерёдно каждую руку назад, фиксируя локоть и избегая раскачки корпуса. Фиксируйте корпус и голову, работайте без рывков.",трицепс,4.2,Alternating dumbbell triceps kickback — on decline bench,Средний,Раскачка корпусом; опускание локтя; неполная амплитуда; отсутствует контроль темпа.
Жим штанги лёжа в Смит-машине,30,0,8,5,90,"Лягте на скамью, лопатки сведены, стопы упираются; опустите штангу к нижней груди и выжмите вверх, не теряя напряжение. Следите за стойкой и касанием одной и той же точки внизу.",грудь/плечи/трицепс,3.8,Barbell bench press — Smith machine,Средний,Развод локтей; отрыв стоп; отскок от груди; гиперпрогиб в пояснице; неполная пауза; отсутствует контроль темпа.
Жим гантелей на наклонной скамье с паузой внизу,8,0,10,3,150,"Лягте на наклон 30–45°, гантели у груди; выжмите по дуге вверх и сведите без удара, опускайте контролируемо. Пауза 1 сек в нижней точке без потери контроля.",верхняя грудь/плечи,4.2,Incline dumbbell press — with bottom pause,Средний,Сведение с ударом; провал плеч; опускание слишком низко; потеря контроля лопаток; отсутствует контроль темпа.
Разводка гантелей лёжа с паузой внизу,10,0,12,5,180,"Лягте на скамью, лёгкий сгиб в локтях; разводите руки по широкой дуге до растяжения груди и сводите обратно. Пауза 1 сек в нижней точке без потери контроля.",грудь,4.4,Dumbbell flye — with bottom pause,Средний,Слишком прямые руки; рывки; чрезмерный вес; превращение движения в жим; отсутствует контроль темпа.
Сведение рук в кроссовере на одной руке,5,0,15,5,60,"Встаньте между блоками, корпус слегка наклонён; сводите рукояти по дуге перед грудью, контролируя растяжение и сокращение. Работайте поочерёдно, держите корпус стабильно.",грудь,4.2,Cable crossover — single-arm,Средний,Скручивание корпуса; рывки; сведение за счёт плеч; неверная высота траектории; отсутствует контроль темпа.
Подтягивания изометрия 20–40 сек,5,0,8,5,120,"Возьмитесь за перекладину пронированным хватом, корпус стабилен; тянитесь грудью к перекладине, опускайтесь до полного выпрямления рук. Держите позицию ровно, дышите спокойно.",спина/бицепс,3.8,Pull-up — isometric 20–40s,Средний,Недоразгибание локтей; раскачка; подбородок не выше перекладины; не сводите лопатки; отсутствует контроль темпа.
Тяга верхнего блока на одной руке,10,0,6,5,90,"Возьмитесь широким хватом, грудь вперёд; тяните рукоять к верхней груди, сводя лопатки, поднимайте руки контролируемо. Работайте поочерёдно, держите корпус стабильно.",широчайшие/бицепс,3.7,Lat pulldown — single-arm,Средний,Тяга за голову; чрезмерный прогиб; работа руками вместо спины; отбивание веса; отсутствует контроль темпа.
Тяга штанги в наклоне в Смит-машине,30,0,6,3,180,"Станьте в наклон 30–45°, спина нейтральна; тяните штангу к нижней части живота, сводя лопатки, опускайте без рывков. Следите за стойкой и касанием одной и той же точки внизу.",спина/задняя дельта,4.2,Bent-over barbell row — Smith machine,Средний,Круглая спина; подрыв корпусом; траектория слишком высоко; отсутствие паузы; отсутствует контроль темпа.
Гребля на тренажёре двойная пауза,10,30,0,5,60,"Сядьте, стопы закреплены, спина нейтральна; толчок ногами, затем тяга к солнечному сплетению, верните в обратной последовательности. Пауза внизу и в середине амплитуды.",спина/кардио,4.5,Rowing machine — double pause,Продвинутый,Тянуть одними руками; ранний подсрыв корпусом; провал колен внутрь; сгибание запястий; отсутствует контроль темпа.
Становая тяга в Смит-машине,70,0,6,5,60,"Стопы на ширине таза, гриф над серединой стопы; держите спину нейтральной, поднимайте штангу, разгибая колени и бёдра одновременно. Следите за стойкой и касанием одной и той же точки внизу.",задняя цепь/спина/ягодицы,4.2,Deadlift — Smith machine,Продвинутый,Округление поясницы; гриф далеко от тела; рывок с пола; перезалом вверху; отсутствует контроль темпа.
Румынская тяга в Смит-машине,60,0,15,4,90,"Штанга в руках, колени мягкие; отведите таз назад, опуская штангу вдоль бёдер до натяжения задней поверхности, затем вернитесь. Следите за стойкой и касанием одной и той же точки внизу.",бёдра/ягодицы,4.1,Romanian deadlift — Smith machine,Средний,Сильный сгиб коленей; гриф далеко от ног; гиперпрогиб; короткая амплитуда; отсутствует контроль темпа.
Приседания со штангой в Смит-машине,20,0,6,5,150,"Стойка на ширине плеч, корпус напряжён; присядьте до параллели, колени по траектории носков, встаньте, сохраняя нейтральную спину. Следите за стойкой и касанием одной и той же точки внизу.",квадрицепсы/ягодицы/кор,4.3,Back squat — Smith machine,Средний,Колени заваливаются; пятки отрываются; округление спины; непостоянная глубина; отсутствует контроль темпа.
Жим ногами двойная пауза,10,0,8,3,60,"Стопы на платформе, поясница прижата; опускайте платформу до угла 90° в коленях и выжимайте, не выпрямляя колени в «замок». Пауза внизу и в середине амплитуды.",квадрицепсы/ягодицы,4.0,Leg press — double pause,Продвинутый,Сведение колен; отрыв поясницы; замок в коленях; слишком узкая постановка; отсутствует контроль темпа.
Выпады с паузой внизу,10,0,6,5,120,"Сделайте широкий шаг вперёд; опуститесь до прямого угла в колене передней ноги, толкнитесь пяткой и вернитесь. Пауза 1 сек в нижней точке без потери контроля.",ягодицы/квадрицепсы,4.6,Lunge — with bottom pause,Средний,Колено заваливается; шаг слишком короткий; чрезмерный наклон корпуса; толчок носком; отсутствует контроль темпа.
Гакк-присед двойная пауза,30,0,6,5,90,"Спина прижата к спинке, стопы чуть впереди; присядьте до параллели и выжмите, держа колени в линии носков. Пауза внизу и в середине амплитуды.",квадрицепсы,3.8,Hack squat — double pause,Продвинутый,Отрыв пяток; колени слишком вперёд; прогиб поясницы; короткая амплитуда; отсутствует контроль темпа.
Сгибания ног лёжа двойная пауза,30,0,12,4,60,"Лягте лицом вниз, валики над пятками; сгибайте колени до полного сокращения бицепса бедра и опускайте контролируемо. Пауза внизу и в середине амплитуды.",бицепс бедра,4.0,Lying leg curl — double pause,Продвинутый,Отрыв таза; рывки; движение тазом; отсутствие паузы; отсутствует контроль темпа.
Разгибания ног двойная пауза,30,0,10,3,120,"Сядьте, валик над голенями; разгибайте колени до верхней точки без рывка, опускайте с контролем. Пауза внизу и в середине амплитуды.",квадрицепсы,4.8,Leg extension — double pause,Продвинутый,Рывки; чрезмерный вес; разведение колен; болтающиеся стопы; отсутствует контроль темпа.
Подъёмы на носки двойная пауза,30,0,15,5,150,"Встаньте носками на платформу; поднимайтесь на носки, делая паузу вверху, опускайтесь до растяжения икр. Пауза внизу и в середине амплитуды.",икры,4.2,Calf raise — double pause,Продвинутый,Короткая амплитуда; пружинение; согнутые колени; разворот носков без контроля; отсутствует контроль темпа.
Жим штанги стоя в Смит-машине,50,0,6,4,60,"Стойка на ширине плеч, корпус напряжён; выжмите штангу над головой по прямой и опустите под контроль. Следите за стойкой и касанием одной и той же точки внизу.",плечи/трицепс,4.6,Overhead press — Smith machine,Средний,Гиперпрогиб поясницы; дуга траектории; локти назад; задержка дыхания; отсутствует контроль темпа.
Жим гантелей сидя с паузой внизу,16,0,6,4,150,"Сядьте, лопатки сведены; выжимайте гантели вверх по дуге и опускайте до уровня ушей. Пауза 1 сек в нижней точке без потери контроля.",плечи,4.1,Seated dumbbell shoulder press — with bottom pause,Средний,Сведение с ударом; отрыв поясницы; опускание слишком низко; отсутствует контроль темпа.
Махи гантелями в стороны с паузой внизу,12,0,15,3,60,"Встаньте прямо, лёгкий наклон корпуса; поднимайте гантели в стороны до уровня плеч, ведите локтем, опускайте медленно. Пауза 1 сек в нижней точке без потери контроля.",средняя дельта,4.1,Dumbbell lateral raise — with bottom pause,Средний,Читинг корпусом; чрезмерные веса; внутренний поворот плеча; отсутствует контроль темпа.
Тяга к подбородку в Смит-машине,60,0,8,4,60,"Возьмитесь узким хватом; тяните штангу вдоль корпуса до верхней груди/ключиц, локти выше грифа, опускайте плавно. Следите за стойкой и касанием одной и той же точки внизу.",плечи/трапеции,4.5,Upright row — Smith machine,Средний,Слишком узкий хват; подъём слишком высоко; излом запястий; отсутствует контроль темпа.
Шраги с паузой внизу,10,0,6,3,120,"Держите гантели по бокам; поднимайте плечи вверх к ушам, делая короткую паузу, опускайте полностью. Пауза 1 сек в нижней точке без потери контроля.",трапеции,4.0,Shrug — with bottom pause,Средний,Вращение плечами; короткая амплитуда; чрезмерный вес с читингом; отсутствует контроль темпа.
Подъём на бицепс со штангой в Смит-машине,40,0,8,4,180,"Стойка стабильна, локти у корпуса; сгибайте руки, не раскачивая корпус, опускайте под контролем. Следите за стойкой и касанием одной и той же точки внизу.",бицепс,5.0,Barbell biceps curl — Smith machine,Средний,Раскачка корпусом; локти уходят вперёд; частичная амплитуда; отсутствует контроль темпа.
Подъём на бицепс молот с паузой внизу,6,0,15,4,180,"Хват нейтральный, локти у корпуса; поднимайте гантели, сохраняя предплечья в нейтрали, опускайте медленно. Пауза 1 сек в нижней точке без потери контроля.",бицепс/предплечья,3.6,Hammer curl — with bottom pause,Средний,Локти отходят; махи; неконтролируемая эксцентрика; отсутствует контроль темпа.
Концентрированный подъём на бицепс с паузой внизу,10,0,8,5,90,"Сядьте, упёрев локоть в бедро; поднимайте гантель к плечу, делая паузу вверху, опускайте контролируемо. Пауза 1 сек в нижней точке без потери контроля.",бицепс,3.8,Concentration curl — with bottom pause,Средний,Движение плечом; потеря фиксации локтя; скручивание корпуса; отсутствует контроль темпа.
Французский жим в Смит-машине,20,0,6,4,180,"Лягте на скамью, штанга над грудью; сгибайте руки, опуская гриф к лбу/за голову, разогните до полного сокращения трицепса. Следите за стойкой и касанием одной и той же точки внизу.",трицепс,3.7,Lying triceps extension — Smith machine,Средний,Локти расходятся; опускание на лоб; гиперпрогиб в пояснице; отсутствует контроль темпа.
Разгибания на блоке на одной руке,20,0,10,3,150,"Встаньте у верхнего блока, локти прижаты; разгибайте руки вниз до полного выпрямления и возвращайте без раскачки. Работайте поочерёдно, держите корпус стабильно.",трицепс,5.0,Triceps pushdown — single-arm,Средний,Локти уходят от корпуса; раскачка; перегиб кистей; отсутствует контроль темпа.
Отжимания на брусьях изометрия 20–40 сек,0,0,6,4,60,"Опирайтесь на брусья, корпус слегка наклонён; опускайтесь до параллели плеч с локтями, выжимайтесь вверх. Держите позицию ровно, дышите спокойно.",грудь/трицепс,4.2,Dip — isometric 20–40s,Средний,Сильный провал в плечах; чрезмерная глубина; разброс локтей; отсутствует контроль темпа.
Отжимания изометрия 20–40 сек,5,0,12,5,180,"Упритесь ладонями под плечами, корпус прямой; опуститесь до касания грудью/90° в локтях, выжмитесь вверх. Держите позицию ровно, дышите спокойно.",грудь/плечи/трицепс,5.0,Push-up — isometric 20–40s,Новичок,Провисание корпуса; локти сильно в стороны; неполная амплитуда; отсутствует контроль темпа.
Скручивания изометрия 20–40 сек,0,0,8,4,90,"Лягте на спину, колени согнуты; подкручивайте грудную клетку к тазу, не тяните шею, делайте короткую паузу вверху. Держите позицию ровно, дышите спокойно.",пресс,3.7,Crunch — isometric 20–40s,Новичок,Тянуть шею руками; рывки; большой размах вместо подкручивания; отсутствует контроль темпа.
Подъём ног в висе изометрия 20–40 сек,0,0,10,5,90,"Повисните на перекладине; поднимайте прямые ноги/колени к груди, удерживая таз подкрученным, опускайте медленно. Держите позицию ровно, дышите спокойно.",нижний пресс,3.5,Hanging leg raise — isometric 20–40s,Средний,Махи ногами; прогиб поясницы; отсутствие подкрутки таза; отсутствует контроль темпа.
Планка изометрия 20–40 сек,0,45,0,5,120,"Опуститесь на предплечья, корпус прямой; держите нейтральную спину и напряжённый кор, не провисайте. Держите позицию ровно, дышите спокойно.",кор,3.5,Plank — isometric 20–40s,Новичок,Провисание поясницы; поднятый таз; разведение лопаток; отсутствует контроль темпа.
Русский твист изометрия 20–40 сек,0,45,0,5,90,"Сядьте, корпус слегка отклонён; поворачивайте плечевой пояс и таз синхронно, касаясь пола по сторонам. Держите позицию ровно, дышите спокойно.",косые мышцы живота,4.3,Russian twist — isometric 20–40s,Новичок,Скругление спины; вращение одними руками; слишком быстрый темп; отсутствует контроль темпа.
Берпи изометрия 20–40 сек,0,60,0,3,90,"Из стойки сделайте упор лёжа, отожмитесь; подпрыгните вверх с руками над головой. Держите позицию ровно, дышите спокойно.",всё тело/кардио,4.6,Burpee — isometric 20–40s,Средний,Плохая техника отжимания; колени заваливаются при прыжке; отсутствие фиксации вверху; отсутствует контроль темпа.
Скакалка изометрия 20–40 сек,0,40,0,3,90,"Держите локти близко к корпусу; вращайте верёвку кистями и приземляйтесь на носки мягко и ритмично. Держите позицию ровно, дышите спокойно.",кардио/икры,3.5,Jump rope — isometric 20–40s,Новичок,Слишком высокие прыжки; вращение плечами; жёсткая посадка на пятку; отсутствует контроль темпа.
Тяга каната к лицу на одной руке,10,0,6,3,60,"Встаньте у блока с канатом; тяните к лицу, разводя кисти и сводя лопатки, держите локти высоко. Работайте поочерёдно, держите корпус стабильно.",задняя дельта/верх спины,4.2,Face pull — single-arm,Средний,Локти низко; тянуть руками без лопаток; нет разведения кистей; отсутствует контроль темпа.
Обратные разведения в тренажёре двойная пауза,40,0,8,4,120,"Сядьте лицом к тренажёру; разводите рукояти, сводя лопатки, удерживайте паузу и возвращайте контролируемо. Пауза внизу и в середине амплитуды.",задняя дельта,3.8,Reverse pec deck — double pause,Продвинутый,Работает трапеция вместо дельт; рывки; нет паузы в пик-сокращении; отсутствует контроль темпа.
Тяга гантели в наклоне с паузой внизу,8,0,6,5,60,"Упритесь коленом и рукой в скамью; тяните гантель к тазу, сводя лопатки, опускайте без рывка. Пауза 1 сек в нижней точке без потери контроля.",широчайшие/средняя спина,4.3,Dumbbell row — with bottom pause,Средний,Скручивание корпуса; рывки; тяга к плечу вместо к тазу; отсутствует контроль темпа.
Хип-траст в Смит-машине,20,0,12,4,60,"Плечи на скамье, штанга на тазе; поднимайте таз до линии корпус–бёдра, делая паузу вверху, опускайте. Следите за стойкой и касанием одной и той же точки внизу.",ягодицы,4.0,Hip thrust — Smith machine,Средний,Чрезмерный прогиб; короткая пауза; неверная постановка стоп; отсутствует контроль темпа.
Ягодичный мост изометрия 20–40 сек,0,0,12,5,90,"Лягте на спину, стопы ближе к тазу; поднимайте таз, сжимая ягодицы, опускайте, сохраняя нейтральную спину. Держите позицию ровно, дышите спокойно.",ягодицы,3.5,Glute bridge — isometric 20–40s,Новичок,Толчок поясницей; неполная амплитуда; колени гуляют; отсутствует контроль темпа.
Трастеры в Смит-машине,70,30,0,4,180,"Присядьте со штангой на груди и взрывно выжмите её над головой, возвращаясь в стойку контролируемо. Следите за стойкой и касанием одной и той же точки внизу.",всё тело,4.4,Thruster — Smith machine,Продвинутый,Ранний пресс до выпрямления ног; дуга грифа; колени заваливаются; отсутствует контроль темпа.
Жим Арнольда с паузой внизу,12,0,8,4,180,"Сидя, начните с гантелями у груди ладонями к себе; вращая кисти, выжмите вверх до полного разгибания и опустите обратно. Пауза 1 сек в нижней точке без потери контроля.",плечи,4.0,Arnold press — with bottom pause,Средний,Сваливание локтей; сведение с ударом; излишний прогиб; отсутствует контроль темпа.
Фермерская прогулка с паузой внизу,20,45,0,3,180,"Возьмите тяжёлые гантели, корпус высокий; идите ровно короткими шагами, удерживая кор и нейтральную спину. Пауза 1 сек в нижней точке без потери контроля.",хват/кор/трапеции,3.5,Farmer's walk — with bottom pause,Средний,Сутулость; переваливание корпуса; стук снарядов о ноги; задержка дыхания; отсутствует контроль темпа.
Гиперэкстензия двойная пауза,40,0,8,5,60,"Застегнитесь в римском стуле; поднимайте корпус до линии с ногами, не переразгибая, опускайте контролируемо. Пауза внизу и в середине амплитуды.",разгибатели спины/ягодицы,3.6,Back extension — double pause,Продвинутый,Переразгибание вверху; движение за счёт спины; слишком быстрый темп; отсутствует контроль темпа.
Кикбэк на трицепс с гантелью с паузой внизу,10,0,10,5,60,"Наклоните корпус, локоть прижмите и поднимите вверх; разгибайте руку назад до полного сокращения трицепса, возвращайте плавно. Пауза 1 сек в нижней точке без потери контроля.",трицепс,4.2,Dumbbell triceps kickback — with bottom pause,Средний,Движение плечом; локоть опускается; чрезмерный вес; отсутствует контроль темпа.
Кикбэк на трицепс на блоке (канате) на одной руке,15,0,12,5,90,"Корпус в наклоне, локти фиксированы; разгибайте предплечья назад, разводя концы каната в конце амплитуды. Работайте поочерёдно, держите корпус стабильно.",трицепс,4.7,Cable triceps kickback (rope) — single-arm,Средний,Разведение локтей; движение корпусом; излом запястий; отсутствует контроль темпа.
Кикбэк на трицепс с опорой на скамью с паузой внизу,12,0,12,4,60,Опирайтесь на скамью свободной рукой; из положения наклона разгибайте руку с гантелью назад до полного выпрямления. Пауза 1 сек в нижней точке без потери контроля.,трицепс,4.5,Bench-supported dumbbell triceps kickback — with bottom pause,Средний,Округление спины; локоть «уезжает»; махи; отсутствует контроль темпа.
Кикбэк на трицепс в наклоне (поочерёдно) с паузой внизу,16,0,15,5,90,"В наклоне разгибайте поочерёдно каждую руку назад, фиксируя локоть и избегая раскачки корпуса. Пауза 1 сек в нижней точке без потери контроля.",трицепс,4.3,Alternating dumbbell triceps kickback — with bottom pause,Средний,Раскачка корпусом; опускание локтя; неполная амплитуда; отсутствует контроль темпа.
Жим штанги лёжа с цепями/резинками,20,0,6,4,150,"Лягте на скамью, лопатки сведены, стопы упираются; опустите штангу к нижней груди и выжмите вверх, не теряя напряжение. Сопротивление возрастает к верху; сохраняйте контроль по всей амплитуде.",грудь/плечи/трицепс,3.5,Barbell bench press — band/chain-resisted,Продвинутый,Развод локтей; отрыв стоп; отскок от груди; гиперпрогиб в пояснице; неполная пауза; отсутствует контроль темпа.
Жим гантелей на наклонной скамье темп 3–1–3,16,0,15,3,90,"Лягте на наклон 30–45°, гантели у груди; выжмите по дуге вверх и сведите без удара, опускайте контролируемо. Опускайте 3 сек, пауза 1 сек, поднимайте 3 сек.",верхняя грудь/плечи,4.3,Incline dumbbell press — tempo 3–1–3,Продвинутый,Сведение с ударом; провал плеч; опускание слишком низко; потеря контроля лопаток; отсутствует контроль темпа.
Разводка гантелей лёжа темп 3–1–3,4,0,8,5,120,"Лягте на скамью, лёгкий сгиб в локтях; разводите руки по широкой дуге до растяжения груди и сводите обратно. Опускайте 3 сек, пауза 1 сек, поднимайте 3 сек.",грудь,4.6,Dumbbell flye — tempo 3–1–3,Продвинутый,Слишком прямые руки; рывки; чрезмерный вес; превращение движения в жим; отсутствует контроль темпа.
Сведение рук в кроссовере с верёвочной рукоятью,20,0,12,5,90,"Встаньте между блоками, корпус слегка наклонён; сводите рукояти по дуге перед грудью, контролируя растяжение и сокращение. Разводите концы верёвки в конце амплитуды.",грудь,4.2,Cable crossover — rope attachment,Средний,Скручивание корпуса; рывки; сведение за счёт плеч; неверная высота траектории; отсутствует контроль темпа.
Подтягивания с подъёмом конечностей,5,0,10,5,120,"Возьмитесь за перекладину пронированным хватом, корпус стабилен; тянитесь грудью к перекладине, опускайтесь до полного выпрямления рук. Поднимайте поочерёдно руки/ноги, сохраняя корпус стабилен.",спина/бицепс,3.5,Pull-up — with limb lifts,Средний,Недоразгибание локтей; раскачка; подбородок не выше перекладины; не сводите лопатки; отсутствует контроль темпа.
Тяга верхнего блока с верёвочной рукоятью,5,0,8,4,180,"Возьмитесь широким хватом, грудь вперёд; тяните рукоять к верхней груди, сводя лопатки, поднимайте руки контролируемо. Разводите концы верёвки в конце амплитуды.",широчайшие/бицепс,4.1,Lat pulldown — rope attachment,Средний,Тяга за голову; чрезмерный прогиб; работа руками вместо спины; отбивание веса; отсутствует контроль темпа.
Тяга штанги в наклоне с цепями/резинками,40,0,15,4,60,"Станьте в наклон 30–45°, спина нейтральна; тяните штангу к нижней части живота, сводя лопатки, опускайте без рывков. Сопротивление возрастает к верху; сохраняйте контроль по всей амплитуде.",спина/задняя дельта,4.2,Bent-over barbell row — band/chain-resisted,Продвинутый,Круглая спина; подрыв корпусом; траектория слишком высоко; отсутствие паузы; отсутствует контроль темпа.
Гребля на тренажёре пирамидой по весам,10,45,0,3,60,"Сядьте, стопы закреплены, спина нейтральна; толчок ногами, затем тяга к солнечному сплетению, верните в обратной последовательности. Постепенно увеличивайте вес, сохраняя технику.",спина/кардио,4.8,Rowing machine — pyramid loading,Средний,Тянуть одними руками; ранний подсрыв корпусом; провал колен внутрь; сгибание запястий; отсутствует контроль темпа.
Становая тяга с цепями/резинками,60,0,12,5,120,"Стопы на ширине таза, гриф над серединой стопы; держите спину нейтральной, поднимайте штангу, разгибая колени и бёдра одновременно. Сопротивление возрастает к верху; сохраняйте контроль по всей амплитуде.",задняя цепь/спина/ягодицы,4.4,Deadlift — band/chain-resisted,Продвинутый,Округление поясницы; гриф далеко от тела; рывок с пола; перезалом вверху; отсутствует контроль темпа.
Румынская тяга с цепями/резинками,60,0,8,4,150,"Штанга в руках, колени мягкие; отведите таз назад, опуская штангу вдоль бёдер до натяжения задней поверхности, затем вернитесь. Сопротивление возрастает к верху; сохраняйте контроль по всей амплитуде.",бёдра/ягодицы,4.2,Romanian deadlift — band/chain-resisted,Продвинутый,Сильный сгиб коленей; гриф далеко от ног; гиперпрогиб; короткая амплитуда; отсутствует контроль темпа.
Приседания со штангой с цепями/резинками,30,0,12,4,90,"Стойка на ширине плеч, корпус напряжён; присядьте до параллели, колени по траектории носков, встаньте, сохраняя нейтральную спину. Сопротивление возрастает к верху; сохраняйте контроль по всей амплитуде.",квадрицепсы/ягодицы/кор,4.3,Back squat — band/chain-resisted,Продвинутый,Колени заваливаются; пятки отрываются; округление спины; непостоянная глубина; отсутствует контроль темпа.
Жим ногами пирамидой по весам,40,0,6,5,90,"Стопы на платформе, поясница прижата; опускайте платформу до угла 90° в коленях и выжимайте, не выпрямляя колени в «замок». Постепенно увеличивайте вес, сохраняя технику.",квадрицепсы/ягодицы,3.8,Leg press — pyramid loading,Средний,Сведение колен; отрыв поясницы; замок в коленях; слишком узкая постановка; отсутствует контроль темпа.
Выпады темп 3–1–3,16,0,8,3,120,"Сделайте широкий шаг вперёд; опуститесь до прямого угла в колене передней ноги, толкнитесь пяткой и вернитесь. Опускайте 3 сек, пауза 1 сек, поднимайте 3 сек.",ягодицы/квадрицепсы,4.9,Lunge — tempo 3–1–3,Продвинутый,Колено заваливается; шаг слишком короткий; чрезмерный наклон корпуса; толчок носком; отсутствует контроль темпа.
Гакк-присед пирамидой по весам,50,0,12,4,120,"Спина прижата к спинке, стопы чуть впереди; присядьте до параллели и выжмите, держа колени в линии носков. Постепенно увеличивайте вес, сохраняя технику.",квадрицепсы,4.0,Hack squat — pyramid loading,Средний,Отрыв пяток; колени слишком вперёд; прогиб поясницы; короткая амплитуда; отсутствует контроль темпа.
Сгибания ног лёжа пирамидой по весам,30,0,12,4,90,"Лягте лицом вниз, валики над пятками; сгибайте колени до полного сокращения бицепса бедра и опускайте контролируемо. Постепенно увеличивайте вес, сохраняя технику.",бицепс бедра,4.2,Lying leg curl — pyramid loading,Средний,Отрыв таза; рывки; движение тазом; отсутствие паузы; отсутствует контроль темпа.
Разгибания ног пирамидой по весам,40,0,10,4,90,"Сядьте, валик над голенями; разгибайте колени до верхней точки без рывка, опускайте с контролем. Постепенно увеличивайте вес, сохраняя технику.",квадрицепсы,4.3,Leg extension — pyramid loading,Средний,Рывки; чрезмерный вес; разведение колен; болтающиеся стопы; отсутствует контроль темпа.
Подъёмы на носки пирамидой по весам,30,0,10,4,90,"Встаньте носками на платформу; поднимайтесь на носки, делая паузу вверху, опускайтесь до растяжения икр. Постепенно увеличивайте вес, сохраняя технику.",икры,4.0,Calf raise — pyramid loading,Средний,Короткая амплитуда; пружинение; согнутые колени; разворот носков без контроля; отсутствует контроль темпа.
Жим штанги стоя с цепями/резинками,70,0,12,4,180,"Стойка на ширине плеч, корпус напряжён; выжмите штангу над головой по прямой и опустите под контроль. Сопротивление возрастает к верху; сохраняйте контроль по всей амплитуде.",плечи/трицепс,4.4,Overhead press — band/chain-resisted,Продвинутый,Гиперпрогиб поясницы; дуга траектории; локти назад; задержка дыхания; отсутствует контроль темпа.
Жим гантелей сидя темп 3–1–3,20,0,10,3,120,"Сядьте, лопатки сведены; выжимайте гантели вверх по дуге и опускайте до уровня ушей. Опускайте 3 сек, пауза 1 сек, поднимайте 3 сек.",плечи,4.3,Seated dumbbell shoulder press — tempo 3–1–3,Продвинутый,Сведение с ударом; отрыв поясницы; опускание слишком низко; отсутствует контроль темпа.
Махи гантелями в стороны темп 3–1–3,20,0,6,5,120,"Встаньте прямо, лёгкий наклон корпуса; поднимайте гантели в стороны до уровня плеч, ведите локтем, опускайте медленно. Опускайте 3 сек, пауза 1 сек, поднимайте 3 сек.",средняя дельта,4.2,Dumbbell lateral raise — tempo 3–1–3,Продвинутый,Читинг корпусом; чрезмерные веса; внутренний поворот плеча; отсутствует контроль темпа.
Тяга к подбородку с цепями/резинками,20,0,15,4,180,"Возьмитесь узким хватом; тяните штангу вдоль корпуса до верхней груди/ключиц, локти выше грифа, опускайте плавно. Сопротивление возрастает к верху; сохраняйте контроль по всей амплитуде.",плечи/трапеции,4.8,Upright row — band/chain-resisted,Продвинутый,Слишком узкий хват; подъём слишком высоко; излом запястий; отсутствует контроль темпа.
Шраги темп 3–1–3,8,0,8,3,120,"Держите гантели по бокам; поднимайте плечи вверх к ушам, делая короткую паузу, опускайте полностью. Опускайте 3 сек, пауза 1 сек, поднимайте 3 сек.",трапеции,4.3,Shrug — tempo 3–1–3,Продвинутый,Вращение плечами; короткая амплитуда; чрезмерный вес с читингом; отсутствует контроль темпа.
Подъём на бицепс со штангой с цепями/резинками,30,0,15,3,90,"Стойка стабильна, локти у корпуса; сгибайте руки, не раскачивая корпус, опускайте под контролем. Сопротивление возрастает к верху; сохраняйте контроль по всей амплитуде.",бицепс,5.0,Barbell biceps curl — band/chain-resisted,Продвинутый,Раскачка корпусом; локти уходят вперёд; частичная амплитуда; отсутствует контроль темпа.
Подъём на бицепс молот темп 3–1–3,10,0,10,3,90,"Хват нейтральный, локти у корпуса; поднимайте гантели, сохраняя предплечья в нейтрали, опускайте медленно. Опускайте 3 сек, пауза 1 сек, поднимайте 3 сек.",бицепс/предплечья,3.9,Hammer curl — tempo 3–1–3,Продвинутый,Локти отходят; махи; неконтролируемая эксцентрика; отсутствует контроль темпа.
Концентрированный подъём на бицепс темп 3–1–3,20,0,8,5,180,"Сядьте, упёрев локоть в бедро; поднимайте гантель к плечу, делая паузу вверху, опускайте контролируемо. Опускайте 3 сек, пауза 1 сек, поднимайте 3 сек.",бицепс,3.8,Concentration curl — tempo 3–1–3,Продвинутый,Движение плечом; потеря фиксации локтя; скручивание корпуса; отсутствует контроль темпа.
Французский жим с цепями/резинками,30,0,15,5,120,"Лягте на скамью, штанга над грудью; сгибайте руки, опуская гриф к лбу/за голову, разогните до полного сокращения трицепса. Сопротивление возрастает к верху; сохраняйте контроль по всей амплитуде.",трицепс,3.6,Lying triceps extension — band/chain-resisted,Продвинутый,Локти расходятся; опускание на лоб; гиперпрогиб в пояснице; отсутствует контроль темпа.
Разгибания на блоке с верёвочной рукоятью,20,0,8,5,60,"Встаньте у верхнего блока, локти прижаты; разгибайте руки вниз до полного выпрямления и возвращайте без раскачки. Разводите концы верёвки в конце амплитуды.",трицепс,5.0,Triceps pushdown — rope attachment,Средний,Локти уходят от корпуса; раскачка; перегиб кистей; отсутствует контроль темпа.
Отжимания на брусьях с подъёмом конечностей,5,0,6,5,60,"Опирайтесь на брусья, корпус слегка наклонён; опускайтесь до параллели плеч с локтями, выжимайтесь вверх. Поднимайте поочерёдно руки/ноги, сохраняя корпус стабилен.",грудь/трицепс,4.1,Dip — with limb lifts,Средний,Сильный провал в плечах; чрезмерная глубина; разброс локтей; отсутствует контроль темпа.
Отжимания с подъёмом конечностей,0,0,8,4,150,"Упритесь ладонями под плечами, корпус прямой; опуститесь до касания грудью/90° в локтях, выжмитесь вверх. Поднимайте поочерёдно руки/ноги, сохраняя корпус стабилен.",грудь/плечи/трицепс,5.0,Push-up — with limb lifts,Средний,Провисание корпуса; локти сильно в стороны; неполная амплитуда; отсутствует контроль темпа.
Скручивания с подъёмом конечностей,5,0,8,5,150,"Лягте на спину, колени согнуты; подкручивайте грудную клетку к тазу, не тяните шею, делайте короткую паузу вверху. Поднимайте поочерёдно руки/ноги, сохраняя корпус стабилен.",пресс,3.6,Crunch — with limb lifts,Средний,Тянуть шею руками; рывки; большой размах вместо подкручивания; отсутствует контроль темпа.
Подъём ног в висе с подъёмом конечностей,0,0,15,5,60,"Повисните на перекладине; поднимайте прямые ноги/колени к груди, удерживая таз подкрученным, опускайте медленно. Поднимайте поочерёдно руки/ноги, сохраняя корпус стабилен.",нижний пресс,3.6,Hanging leg raise — with limb lifts,Средний,Махи ногами; прогиб поясницы; отсутствие подкрутки таза; отсутствует контроль темпа.
Планка с подъёмом конечностей,0,60,0,4,120,"Опуститесь на предплечья, корпус прямой; держите нейтральную спину и напряжённый кор, не провисайте. Поднимайте поочерёдно руки/ноги, сохраняя корпус стабилен.",кор,3.6,Plank — with limb lifts,Средний,Провисание поясницы; поднятый таз; разведение лопаток; отсутствует контроль темпа.
Русский твист с подъёмом конечностей,0,20,0,3,120,"Сядьте, корпус слегка отклонён; поворачивайте плечевой пояс и таз синхронно, касаясь пола по сторонам. Поднимайте поочерёдно руки/ноги, сохраняя корпус стабилен.",косые мышцы живота,4.1,Russian twist — with limb lifts,Средний,Скругление спины; вращение одними руками; слишком быстрый темп; отсутствует контроль темпа.
Берпи с подъёмом конечностей,5,20,0,5,120,"Из стойки сделайте упор лёжа, отожмитесь; подпрыгните вверх с руками над головой. Поднимайте поочерёдно руки/ноги, сохраняя корпус стабилен.",всё тело/кардио,4.5,Burpee — with limb lifts,Средний,Плохая техника отжимания; колени заваливаются при прыжке; отсутствие фиксации вверху; отсутствует контроль темпа.
Скакалка с подъёмом конечностей,5,30,0,3,90,"Держите локти близко к корпусу; вращайте верёвку кистями и приземляйтесь на носки мягко и ритмично. Поднимайте поочерёдно руки/ноги, сохраняя корпус стабилен.",кардио/икры,3.7,Jump rope — with limb lifts,Средний,Слишком высокие прыжки; вращение плечами; жёсткая посадка на пятку; отсутствует контроль темпа.
Тяга каната к лицу с верёвочной рукоятью,15,0,10,3,120,"Встаньте у блока с канатом; тяните к лицу, разводя кисти и сводя лопатки, держите локти высоко. Разводите концы верёвки в конце амплитуды.",задняя дельта/верх спины,4.3,Face pull — rope attachment,Средний,Локти низко; тянуть руками без лопаток; нет разведения кистей; отсутствует контроль темпа.
Обратные разведения в тренажёре пирамидой по весам,30,0,15,5,90,"Сядьте лицом к тренажёру; разводите рукояти, сводя лопатки, удерживайте паузу и возвращайте контролируемо. Постепенно увеличивайте вес, сохраняя технику.",задняя дельта,3.9,Reverse pec deck — pyramid loading,Средний,Работает трапеция вместо дельт; рывки; нет паузы в пик-сокращении; отсутствует контроль темпа.
Тяга гантели в наклоне темп 3–1–3,4,0,12,4,180,"Упритесь коленом и рукой в скамью; тяните гантель к тазу, сводя лопатки, опускайте без рывка. Опускайте 3 сек, пауза 1 сек, поднимайте 3 сек.",широчайшие/средняя спина,4.7,Dumbbell row — tempo 3–1–3,Продвинутый,Скручивание корпуса; рывки; тяга к плечу вместо к тазу; отсутствует контроль темпа.
Хип-траст с цепями/резинками,50,0,10,4,150,"Плечи на скамье, штанга на тазе; поднимайте таз до линии корпус–бёдра, делая паузу вверху, опускайте. Сопротивление возрастает к верху; сохраняйте контроль по всей амплитуде.",ягодицы,4.0,Hip thrust — band/chain-resisted,Продвинутый,Чрезмерный прогиб; короткая пауза; неверная постановка стоп; отсутствует контроль темпа.
Ягодичный мост с подъёмом конечностей,5,0,10,5,120,"Лягте на спину, стопы ближе к тазу; поднимайте таз, сжимая ягодицы, опускайте, сохраняя нейтральную спину. Поднимайте поочерёдно руки/ноги, сохраняя корпус стабилен.",ягодицы,3.7,Glute bridge — with limb lifts,Средний,Толчок поясницей; неполная амплитуда; колени гуляют; отсутствует контроль темпа.
Трастеры с цепями/резинками,70,40,0,3,120,"Присядьте со штангой на груди и взрывно выжмите её над головой, возвращаясь в стойку контролируемо. Сопротивление возрастает к верху; сохраняйте контроль по всей амплитуде.",всё тело,4.4,Thruster — band/chain-resisted,Продвинутый,Ранний пресс до выпрямления ног; дуга грифа; колени заваливаются; отсутствует контроль темпа.
Жим Арнольда темп 3–1–3,20,0,15,5,60,"Сидя, начните с гантелями у груди ладонями к себе; вращая кисти, выжмите вверх до полного разгибания и опустите обратно. Опускайте 3 сек, пауза 1 сек, поднимайте 3 сек.",плечи,4.2,Arnold press — tempo 3–1–3,Продвинутый,Сваливание локтей; сведение с ударом; излишний прогиб; отсутствует контроль темпа.
Фермерская прогулка темп 3–1–3,10,45,0,5,180,"Возьмите тяжёлые гантели, корпус высокий; идите ровно короткими шагами, удерживая кор и нейтральную спину. Опускайте 3 сек, пауза 1 сек, поднимайте 3 сек.",хват/кор/трапеции,3.6,Farmer's walk — tempo 3–1–3,Продвинутый,Сутулость; переваливание корпуса; стук снарядов о ноги; задержка дыхания; отсутствует контроль темпа.
Гиперэкстензия пирамидой по весам,10,0,6,4,120,"Застегнитесь в римском стуле; поднимайте корпус до линии с ногами, не переразгибая, опускайте контролируемо. Постепенно увеличивайте вес, сохраняя технику.",разгибатели спины/ягодицы,3.5,Back extension — pyramid loading,Средний,Переразгибание вверху; движение за счёт спины; слишком быстрый темп; отсутствует контроль темпа.
Кикбэк на трицепс с гантелью темп 3–1–3,20,0,8,4,180,"Наклоните корпус, локоть прижмите и поднимите вверх; разгибайте руку назад до полного сокращения трицепса, возвращайте плавно. Опускайте 3 сек, пауза 1 сек, поднимайте 3 сек.",трицепс,4.5,Dumbbell triceps kickback — tempo 3–1–3,Продвинутый,Движение плечом; локоть опускается; чрезмерный вес; отсутствует контроль темпа.
Кикбэк на трицепс на блоке (канате) с верёвочной рукоятью,20,0,15,5,180,"Корпус в наклоне, локти фиксированы; разгибайте предплечья назад, разводя концы каната в конце амплитуды. Разводите концы верёвки в конце амплитуды.",трицепс,4.6,Cable triceps kickback (rope) — rope attachment,Средний,Разведение локтей; движение корпусом; излом запястий; отсутствует контроль темпа.
Кикбэк на трицепс с опорой на скамью темп 3–1–3,6,0,15,5,60,"Опирайтесь на скамью свободной рукой; из положения наклона разгибайте руку с гантелью назад до полного выпрямления. Опускайте 3 сек, пауза 1 сек, поднимайте 3 сек.",трицепс,4.0,Bench-supported dumbbell triceps kickback — tempo 3–1–3,Продвинутый,Округление спины; локоть «уезжает»; махи; отсутствует контроль темпа.
Кикбэк на трицепс в наклоне (поочерёдно) темп 3–1–3,4,0,12,5,90,"В наклоне разгибайте поочерёдно каждую руку назад, фиксируя локоть и избегая раскачки корпуса. Опускайте 3 сек, пауза 1 сек, поднимайте 3 сек.",трицепс,4.5,Alternating dumbbell triceps kickback — tempo 3–1–3,Продвинутый,Раскачка корпусом; опускание локтя; неполная амплитуда; отсутствует контроль темпа.
Жим штанги лёжа из паузы у колен,70,0,6,4,60,"Лягте на скамью, лопатки сведены, стопы упираются; опустите штангу к нижней груди и выжмите вверх, не теряя напряжение. Остановитесь на уровне колен и продолжите без рывка.",грудь/плечи/трицепс,3.5,Barbell bench press — paused at knees,Продвинутый,Развод локтей; отрыв стоп; отскок от груди; гиперпрогиб в пояснице; неполная пауза; отсутствует контроль темпа.
Жим гантелей на наклонной скамье изоляция с малым весом,16,0,8,4,180,"Лягте на наклон 30–45°, гантели у груди; выжмите по дуге вверх и сведите без удара, опускайте контролируемо. Умеренный вес, полная амплитуда и фокус на мышце.",верхняя грудь/плечи,4.0,Incline dumbbell press — light isolation,Средний,Сведение с ударом; провал плеч; опускание слишком низко; потеря контроля лопаток; отсутствует контроль темпа.
Разводка гантелей лёжа изоляция с малым весом,4,0,10,3,150,"Лягте на скамью, лёгкий сгиб в локтях; разводите руки по широкой дуге до растяжения груди и сводите обратно. Умеренный вес, полная амплитуда и фокус на мышце.",грудь,4.3,Dumbbell flye — light isolation,Новичок,Слишком прямые руки; рывки; чрезмерный вес; превращение движения в жим; отсутствует контроль темпа.
Сведение рук в кроссовере обратным хватом,5,0,12,5,180,"Встаньте между блоками, корпус слегка наклонён; сводите рукояти по дуге перед грудью, контролируя растяжение и сокращение. Фиксируйте локти у корпуса, не скручивайте кисти.",грудь,4.2,Cable crossover — reverse-grip,Средний,Скручивание корпуса; рывки; сведение за счёт плеч; неверная высота траектории; отсутствует контроль темпа.
Подтягивания динамический вариант,5,0,15,3,60,"Возьмитесь за перекладину пронированным хватом, корпус стабилен; тянитесь грудью к перекладине, опускайтесь до полного выпрямления рук. Чередуйте движение и фиксацию для нагрузки.",спина/бицепс,3.7,Pull-up — dynamic,Средний,Недоразгибание локтей; раскачка; подбородок не выше перекладины; не сводите лопатки; отсутствует контроль темпа.
Тяга верхнего блока обратным хватом,25,0,6,5,150,"Возьмитесь широким хватом, грудь вперёд; тяните рукоять к верхней груди, сводя лопатки, поднимайте руки контролируемо. Фиксируйте локти у корпуса, не скручивайте кисти.",широчайшие/бицепс,4.1,Lat pulldown — reverse-grip,Средний,Тяга за голову; чрезмерный прогиб; работа руками вместо спины; отбивание веса; отсутствует контроль темпа.
Тяга штанги в наклоне из паузы у колен,60,0,8,4,150,"Станьте в наклон 30–45°, спина нейтральна; тяните штангу к нижней части живота, сводя лопатки, опускайте без рывков. Остановитесь на уровне колен и продолжите без рывка.",спина/задняя дельта,4.1,Bent-over barbell row — paused at knees,Продвинутый,Круглая спина; подрыв корпусом; траектория слишком высоко; отсутствие паузы; отсутствует контроль темпа.
Становая тяга из паузы у колен,20,0,6,5,60,"Стопы на ширине таза, гриф над серединой стопы; держите спину нейтральной, поднимайте штангу, разгибая колени и бёдра одновременно. Остановитесь на уровне колен и продолжите без рывка.",задняя цепь/спина/ягодицы,4.3,Deadlift — paused at knees,Продвинутый,Округление поясницы; гриф далеко от тела; рывок с пола; перезалом вверху; отсутствует контроль темпа.
Румынская тяга из паузы у колен,20,0,6,3,150,"Штанга в руках, колени мягкие; отведите таз назад, опуская штангу вдоль бёдер до натяжения задней поверхности, затем вернитесь. Остановитесь на уровне колен и продолжите без рывка.",бёдра/ягодицы,3.8,Romanian deadlift — paused at knees,Продвинутый,Сильный сгиб коленей; гриф далеко от ног; гиперпрогиб; короткая амплитуда; отсутствует контроль темпа.
Приседания со штангой из паузы у колен,70,0,15,3,150,"Стойка на ширине плеч, корпус напряжён; присядьте до параллели, колени по траектории носков, встаньте, сохраняя нейтральную спину. Остановитесь на уровне колен и продолжите без рывка.",квадрицепсы/ягодицы/кор,4.6,Back squat — paused at knees,Продвинутый,Колени заваливаются; пятки отрываются; округление спины; непостоянная глубина; отсутствует контроль темпа.
Выпады изоляция с малым весом,10,0,15,5,150,"Сделайте широкий шаг вперёд; опуститесь до прямого угла в колене передней ноги, толкнитесь пяткой и вернитесь. Умеренный вес, полная амплитуда и фокус на мышце.",ягодицы/квадрицепсы,4.9,Lunge — light isolation,Новичок,Колено заваливается; шаг слишком короткий; чрезмерный наклон корпуса; толчок носком; отсутствует контроль темпа.
Жим штанги стоя из паузы у колен,70,0,8,3,120,"Стойка на ширине плеч, корпус напряжён; выжмите штангу над головой по прямой и опустите под контроль. Остановитесь на уровне колен и продолжите без рывка.",плечи/трицепс,4.4,Overhead press — paused at knees,Продвинутый,Гиперпрогиб поясницы; дуга траектории; локти назад; задержка дыхания; отсутствует контроль темпа.
Жим гантелей сидя изоляция с малым весом,20,0,12,4,150,"Сядьте, лопатки сведены; выжимайте гантели вверх по дуге и опускайте до уровня ушей. Умеренный вес, полная амплитуда и фокус на мышце.",плечи,4.6,Seated dumbbell shoulder press — light isolation,Средний,Сведение с ударом; отрыв поясницы; опускание слишком низко; отсутствует контроль темпа.
Махи гантелями в стороны изоляция с малым весом,8,0,10,5,120,"Встаньте прямо, лёгкий наклон корпуса; поднимайте гантели в стороны до уровня плеч, ведите локтем, опускайте медленно. Умеренный вес, полная амплитуда и фокус на мышце.",средняя дельта,3.8,Dumbbell lateral raise — light isolation,Новичок,Читинг корпусом; чрезмерные веса; внутренний поворот плеча; отсутствует контроль темпа.
Тяга к подбородку из паузы у колен,40,0,15,5,180,"Возьмитесь узким хватом; тяните штангу вдоль корпуса до верхней груди/ключиц, локти выше грифа, опускайте плавно. Остановитесь на уровне колен и продолжите без рывка.",плечи/трапеции,4.9,Upright row — paused at knees,Продвинутый,Слишком узкий хват; подъём слишком высоко; излом запястий; отсутствует контроль темпа.
Шраги изоляция с малым весом,20,0,6,3,180,"Держите гантели по бокам; поднимайте плечи вверх к ушам, делая короткую паузу, опускайте полностью. Умеренный вес, полная амплитуда и фокус на мышце.",трапеции,4.1,Shrug — light isolation,Новичок,Вращение плечами; короткая амплитуда; чрезмерный вес с читингом; отсутствует контроль темпа.
Подъём на бицепс со штангой из паузы у колен,50,0,12,3,150,"Стойка стабильна, локти у корпуса; сгибайте руки, не раскачивая корпус, опускайте под контролем. Остановитесь на уровне колен и продолжите без рывка.",бицепс,4.9,Barbell biceps curl — paused at knees,Продвинутый,Раскачка корпусом; локти уходят вперёд; частичная амплитуда; отсутствует контроль темпа.
Подъём на бицепс молот изоляция с малым весом,8,0,15,3,150,"Хват нейтральный, локти у корпуса; поднимайте гантели, сохраняя предплечья в нейтрали, опускайте медленно. Умеренный вес, полная амплитуда и фокус на мышце.",бицепс/предплечья,3.8,Hammer curl — light isolation,Новичок,Локти отходят; махи; неконтролируемая эксцентрика; отсутствует контроль темпа.
Концентрированный подъём на бицепс изоляция с малым весом,10,0,10,4,120,"Сядьте, упёрев локоть в бедро; поднимайте гантель к плечу, делая паузу вверху, опускайте контролируемо. Умеренный вес, полная амплитуда и фокус на мышце.",бицепс,3.8,Concentration curl — light isolation,Новичок,Движение плечом; потеря фиксации локтя; скручивание корпуса; отсутствует контроль темпа.
Французский жим из паузы у колен,60,0,6,4,90,"Лягте на скамью, штанга над грудью; сгибайте руки, опуская гриф к лбу/за голову, разогните до полного сокращения трицепса. Остановитесь на уровне колен и продолжите без рывка.",трицепс,3.5,Lying triceps extension — paused at knees,Продвинутый,Локти расходятся; опускание на лоб; гиперпрогиб в пояснице; отсутствует контроль темпа.
Разгибания на блоке обратным хватом,15,0,15,5,150,"Встаньте у верхнего блока, локти прижаты; разгибайте руки вниз до полного выпрямления и возвращайте без раскачки. Фиксируйте локти у корпуса, не скручивайте кисти.",трицепс,5.0,Triceps pushdown — reverse-grip,Средний,Локти уходят от корпуса; раскачка; перегиб кистей; отсутствует контроль темпа.
Отжимания на брусьях динамический вариант,0,0,15,5,150,"Опирайтесь на брусья, корпус слегка наклонён; опускайтесь до параллели плеч с локтями, выжимайтесь вверх. Чередуйте движение и фиксацию для нагрузки.",грудь/трицепс,4.5,Dip — dynamic,Средний,Сильный провал в плечах; чрезмерная глубина; разброс локтей; отсутствует контроль темпа.
Отжимания динамический вариант,5,0,8,4,180,"Упритесь ладонями под плечами, корпус прямой; опуститесь до касания грудью/90° в локтях, выжмитесь вверх. Чередуйте движение и фиксацию для нагрузки.",грудь/плечи/трицепс,5.0,Push-up — dynamic,Средний,Провисание корпуса; локти сильно в стороны; неполная амплитуда; отсутствует контроль темпа.
Скручивания динамический вариант,5,0,8,4,180,"Лягте на спину, колени согнуты; подкручивайте грудную клетку к тазу, не тяните шею, делайте короткую паузу вверху. Чередуйте движение и фиксацию для нагрузки.",пресс,3.8,Crunch — dynamic,Средний,Тянуть шею руками; рывки; большой размах вместо подкручивания; отсутствует контроль темпа.
Подъём ног в висе динамический вариант,0,0,6,5,120,"Повисните на перекладине; поднимайте прямые ноги/колени к груди, удерживая таз подкрученным, опускайте медленно. Чередуйте движение и фиксацию для нагрузки.",нижний пресс,3.5,Hanging leg raise — dynamic,Средний,Махи ногами; прогиб поясницы; отсутствие подкрутки таза; отсутствует контроль темпа.
Планка динамический вариант,5,60,0,4,180,"Опуститесь на предплечья, корпус прямой; держите нейтральную спину и напряжённый кор, не провисайте. Чередуйте движение и фиксацию для нагрузки.",кор,3.6,Plank — dynamic,Средний,Провисание поясницы; поднятый таз; разведение лопаток; отсутствует контроль темпа.
Русский твист динамический вариант,0,30,0,3,90,"Сядьте, корпус слегка отклонён; поворачивайте плечевой пояс и таз синхронно, касаясь пола по сторонам. Чередуйте движение и фиксацию для нагрузки.",косые мышцы живота,4.2,Russian twist — dynamic,Средний,Скругление спины; вращение одними руками; слишком быстрый темп; отсутствует контроль темпа.
Берпи динамический вариант,0,40,0,4,180,"Из стойки сделайте упор лёжа, отожмитесь; подпрыгните вверх с руками над головой. Чередуйте движение и фиксацию для нагрузки.",всё тело/кардио,4.4,Burpee — dynamic,Средний,Плохая техника отжимания; колени заваливаются при прыжке; отсутствие фиксации вверху; отсутствует контроль темпа.
Скакалка динамический вариант,5,60,0,3,90,Держите локти близко к корпусу; вращайте верёвку кистями и приземляйтесь на носки мягко и ритмично. Чередуйте движение и фиксацию для нагрузки.,кардио/икры,3.5,Jump rope — dynamic,Средний,Слишком высокие прыжки; вращение плечами; жёсткая посадка на пятку; отсутствует контроль темпа.
Тяга каната к лицу обратным хватом,5,0,6,4,150,"Встаньте у блока с канатом; тяните к лицу, разводя кисти и сводя лопатки, держите локти высоко. Фиксируйте локти у корпуса, не скручивайте кисти.",задняя дельта/верх спины,4.1,Face pull — reverse-grip,Средний,Локти низко; тянуть руками без лопаток; нет разведения кистей; отсутствует контроль темпа.
Тяга гантели в наклоне изоляция с малым весом,6,0,6,3,60,"Упритесь коленом и рукой в скамью; тяните гантель к тазу, сводя лопатки, опускайте без рывка. Умеренный вес, полная амплитуда и фокус на мышце.",широчайшие/средняя спина,4.8,Dumbbell row — light isolation,Средний,Скручивание корпуса; рывки; тяга к плечу вместо к тазу; отсутствует контроль темпа.
Хип-траст из паузы у колен,60,0,15,4,180,"Плечи на скамье, штанга на тазе; поднимайте таз до линии корпус–бёдра, делая паузу вверху, опускайте. Остановитесь на уровне колен и продолжите без рывка.",ягодицы,3.9,Hip thrust — paused at knees,Продвинутый,Чрезмерный прогиб; короткая пауза; неверная постановка стоп; отсутствует контроль темпа.
Ягодичный мост динамический вариант,0,0,10,4,60,"Лягте на спину, стопы ближе к тазу; поднимайте таз, сжимая ягодицы, опускайте, сохраняя нейтральную спину. Чередуйте движение и фиксацию для нагрузки.",ягодицы,3.5,Glute bridge — dynamic,Средний,Толчок поясницей; неполная амплитуда; колени гуляют; отсутствует контроль темпа.
Трастеры из паузы у колен,30,20,0,4,90,"Присядьте со штангой на груди и взрывно выжмите её над головой, возвращаясь в стойку контролируемо. Остановитесь на уровне колен и продолжите без рывка.",всё тело,4.4,Thruster — paused at knees,Продвинутый,Ранний пресс до выпрямления ног; дуга грифа; колени заваливаются; отсутствует контроль темпа.
Жим Арнольда изоляция с малым весом,12,0,6,3,60,"Сидя, начните с гантелями у груди ладонями к себе; вращая кисти, выжмите вверх до полного разгибания и опустите обратно. Умеренный вес, полная амплитуда и фокус на мышце.",плечи,3.8,Arnold press — light isolation,Средний,Сваливание локтей; сведение с ударом; излишний прогиб; отсутствует контроль темпа.
Фермерская прогулка изоляция с малым весом,20,45,0,4,60,"Возьмите тяжёлые гантели, корпус высокий; идите ровно короткими шагами, удерживая кор и нейтральную спину. Умеренный вес, полная амплитуда и фокус на мышце.",хват/кор/трапеции,3.7,Farmer's walk — light isolation,Средний,Сутулость; переваливание корпуса; стук снарядов о ноги; задержка дыхания; отсутствует контроль темпа.
Кикбэк на трицепс с гантелью изоляция с малым весом,16,0,8,5,60,"Наклоните корпус, локоть прижмите и поднимите вверх; разгибайте руку назад до полного сокращения трицепса, возвращайте плавно. Умеренный вес, полная амплитуда и фокус на мышце.",трицепс,4.4,Dumbbell triceps kickback — light isolation,Новичок,Движение плечом; локоть опускается; чрезмерный вес; отсутствует контроль темпа.
Кикбэк на трицепс на блоке (канате) обратным хватом,15,0,8,4,90,"Корпус в наклоне, локти фиксированы; разгибайте предплечья назад, разводя концы каната в конце амплитуды. Фиксируйте локти у корпуса, не скручивайте кисти.",трицепс,4.8,Cable triceps kickback (rope) — reverse-grip,Средний,Разведение локтей; движение корпусом; излом запястий; отсутствует контроль темпа.
Кикбэк на трицепс с опорой на скамью изоляция с малым весом,8,0,8,3,60,"Опирайтесь на скамью свободной рукой; из положения наклона разгибайте руку с гантелью назад до полного выпрямления. Умеренный вес, полная амплитуда и фокус на мышце.",трицепс,4.6,Bench-supported dumbbell triceps kickback — light isolation,Новичок,Округление спины; локоть «уезжает»; махи; отсутствует контроль темпа.
Кикбэк на трицепс в наклоне (поочерёдно) изоляция с малым весом,20,0,6,5,60,"В наклоне разгибайте поочерёдно каждую руку назад, фиксируя локоть и избегая раскачки корпуса. Умеренный вес, полная амплитуда и фокус на мышце.",трицепс,4.7,Alternating dumbbell triceps kickback — light isolation,Новичок,Раскачка корпусом; опускание локтя; неполная амплитуда; отсутствует контроль темпа.
Жим штанги лёжа с дефицита,20,0,10,5,150,"Лягте на скамью, лопатки сведены, стопы упираются; опустите штангу к нижней груди и выжмите вверх, не теряя напряжение. Используйте подставку для увеличения амплитуды, держите спину нейтральной.",грудь/плечи/трицепс,3.5,Barbell bench press — deficit,Продвинутый,Развод локтей; отрыв стоп; отскок от груди; гиперпрогиб в пояснице; неполная пауза; отсутствует контроль темпа.
Жим гантелей на наклонной скамье тяжёлые 6–8 повторений,16,0,10,3,90,"Лягте на наклон 30–45°, гантели у груди; выжмите по дуге вверх и сведите без удара, опускайте контролируемо. Выбирайте вес на 6–8 повторений с чистой техникой.",верхняя грудь/плечи,4.2,Incline dumbbell press — heavy 6–8 reps,Средний,Сведение с ударом; провал плеч; опускание слишком низко; потеря контроля лопаток; отсутствует контроль темпа.
Разводка гантелей лёжа тяжёлые 6–8 повторений,20,0,15,5,150,"Лягте на скамью, лёгкий сгиб в локтях; разводите руки по широкой дуге до растяжения груди и сводите обратно. Выбирайте вес на 6–8 повторений с чистой техникой.",грудь,4.5,Dumbbell flye — heavy 6–8 reps,Средний,Слишком прямые руки; рывки; чрезмерный вес; превращение движения в жим; отсутствует контроль темпа.
Сведение рук в кроссовере темп 3–1–3,15,0,12,4,120,"Встаньте между блоками, корпус слегка наклонён; сводите рукояти по дуге перед грудью, контролируя растяжение и сокращение. Медленный негатив и пауза в сокращении.",грудь,4.1,Cable crossover — tempo 3–1–3,Продвинутый,Скручивание корпуса; рывки; сведение за счёт плеч; неверная высота траектории; отсутствует контроль темпа.
Подтягивания на нестабильной опоре,5,0,10,4,150,"Возьмитесь за перекладину пронированным хватом, корпус стабилен; тянитесь грудью к перекладине, опускайтесь до полного выпрямления рук. Используйте валик/мяч, контролируйте положение корпуса.",спина/бицепс,3.5,Pull-up — unstable surface,Продвинутый,Недоразгибание локтей; раскачка; подбородок не выше перекладины; не сводите лопатки; отсутствует контроль темпа.
Тяга верхнего блока темп 3–1–3,20,0,8,5,60,"Возьмитесь широким хватом, грудь вперёд; тяните рукоять к верхней груди, сводя лопатки, поднимайте руки контролируемо. Медленный негатив и пауза в сокращении.",широчайшие/бицепс,4.1,Lat pulldown — tempo 3–1–3,Продвинутый,Тяга за голову; чрезмерный прогиб; работа руками вместо спины; отбивание веса; отсутствует контроль темпа.
Тяга штанги в наклоне с дефицита,30,0,8,3,90,"Станьте в наклон 30–45°, спина нейтральна; тяните штангу к нижней части живота, сводя лопатки, опускайте без рывков. Используйте подставку для увеличения амплитуды, держите спину нейтральной.",спина/задняя дельта,4.0,Bent-over barbell row — deficit,Продвинутый,Круглая спина; подрыв корпусом; траектория слишком высоко; отсутствие паузы; отсутствует контроль темпа.
Становая тяга с дефицита,50,0,12,3,60,"Стопы на ширине таза, гриф над серединой стопы; держите спину нейтральной, поднимайте штангу, разгибая колени и бёдра одновременно. Используйте подставку для увеличения амплитуды, держите спину нейтральной.",задняя цепь/спина/ягодицы,4.8,Deadlift — deficit,Продвинутый,Округление поясницы; гриф далеко от тела; рывок с пола; перезалом вверху; отсутствует контроль темпа.
Румынская тяга с дефицита,20,0,10,3,150,"Штанга в руках, колени мягкие; отведите таз назад, опуская штангу вдоль бёдер до натяжения задней поверхности, затем вернитесь. Используйте подставку для увеличения амплитуды, держите спину нейтральной.",бёдра/ягодицы,4.0,Romanian deadlift — deficit,Продвинутый,Сильный сгиб коленей; гриф далеко от ног; гиперпрогиб; короткая амплитуда; отсутствует контроль темпа.
Приседания со штангой с дефицита,70,0,8,4,90,"Стойка на ширине плеч, корпус напряжён; присядьте до параллели, колени по траектории носков, встаньте, сохраняя нейтральную спину. Используйте подставку для увеличения амплитуды, держите спину нейтральной.",квадрицепсы/ягодицы/кор,4.2,Back squat — deficit,Продвинутый,Колени заваливаются; пятки отрываются; округление спины; непостоянная глубина; отсутствует контроль темпа.
Выпады тяжёлые 6–8 повторений,6,0,10,4,150,"Сделайте широкий шаг вперёд; опуститесь до прямого угла в колене передней ноги, толкнитесь пяткой и вернитесь. Выбирайте вес на 6–8 повторений с чистой техникой.",ягодицы/квадрицепсы,4.6,Lunge — heavy 6–8 reps,Средний,Колено заваливается; шаг слишком короткий; чрезмерный наклон корпуса; толчок носком; отсутствует контроль темпа.
Жим штанги стоя с дефицита,40,0,8,4,150,"Стойка на ширине плеч, корпус напряжён; выжмите штангу над головой по прямой и опустите под контроль. Используйте подставку для увеличения амплитуды, держите спину нейтральной.",плечи/трицепс,4.9,Overhead press — deficit,Продвинутый,Гиперпрогиб поясницы; дуга траектории; локти назад; задержка дыхания; отсутствует контроль темпа.
Жим гантелей сидя тяжёлые 6–8 повторений,8,0,8,3,150,"Сядьте, лопатки сведены; выжимайте гантели вверх по дуге и опускайте до уровня ушей. Выбирайте вес на 6–8 повторений с чистой техникой.",плечи,4.3,Seated dumbbell shoulder press — heavy 6–8 reps,Средний,Сведение с ударом; отрыв поясницы; опускание слишком низко; отсутствует контроль темпа.
Махи гантелями в стороны тяжёлые 6–8 повторений,6,0,8,3,120,"Встаньте прямо, лёгкий наклон корпуса; поднимайте гантели в стороны до уровня плеч, ведите локтем, опускайте медленно. Выбирайте вес на 6–8 повторений с чистой техникой.",средняя дельта,4.2,Dumbbell lateral raise — heavy 6–8 reps,Средний,Читинг корпусом; чрезмерные веса; внутренний поворот плеча; отсутствует контроль темпа.
Тяга к подбородку с дефицита,40,0,6,4,180,"Возьмитесь узким хватом; тяните штангу вдоль корпуса до верхней груди/ключиц, локти выше грифа, опускайте плавно. Используйте подставку для увеличения амплитуды, держите спину нейтральной.",плечи/трапеции,4.7,Upright row — deficit,Продвинутый,Слишком узкий хват; подъём слишком высоко; излом запястий; отсутствует контроль темпа.
Шраги тяжёлые 6–8 повторений,8,0,12,3,180,"Держите гантели по бокам; поднимайте плечи вверх к ушам, делая короткую паузу, опускайте полностью. Выбирайте вес на 6–8 повторений с чистой техникой.",трапеции,4.0,Shrug — heavy 6–8 reps,Средний,Вращение плечами; короткая амплитуда; чрезмерный вес с читингом; отсутствует контроль темпа.
Подъём на бицепс со штангой с дефицита,30,0,12,3,150,"Стойка стабильна, локти у корпуса; сгибайте руки, не раскачивая корпус, опускайте под контролем. Используйте подставку для увеличения амплитуды, держите спину нейтральной.",бицепс,4.7,Barbell biceps curl — deficit,Продвинутый,Раскачка корпусом; локти уходят вперёд; частичная амплитуда; отсутствует контроль темпа.
Подъём на бицепс молот тяжёлые 6–8 повторений,12,0,8,3,90,"Хват нейтральный, локти у корпуса; поднимайте гантели, сохраняя предплечья в нейтрали, опускайте медленно. Выбирайте вес на 6–8 повторений с чистой техникой.",бицепс/предплечья,3.9,Hammer curl — heavy 6–8 reps,Средний,Локти отходят; махи; неконтролируемая эксцентрика; отсутствует контроль темпа.
Концентрированный подъём на бицепс тяжёлые 6–8 повторений,4,0,8,3,180,"Сядьте, упёрев локоть в бедро; поднимайте гантель к плечу, делая паузу вверху, опускайте контролируемо. Выбирайте вес на 6–8 повторений с чистой техникой.",бицепс,4.2,Concentration curl — heavy 6–8 reps,Средний,Движение плечом; потеря фиксации локтя; скручивание корпуса; отсутствует контроль темпа.
Французский жим с дефицита,40,0,15,5,150,"Лягте на скамью, штанга над грудью; сгибайте руки, опуская гриф к лбу/за голову, разогните до полного сокращения трицепса. Используйте подставку для увеличения амплитуды, держите спину нейтральной.",трицепс,3.5,Lying triceps extension — deficit,Продвинутый,Локти расходятся; опускание на лоб; гиперпрогиб в пояснице; отсутствует контроль темпа.
Разгибания на блоке темп 3–1–3,25,0,8,5,90,"Встаньте у верхнего блока, локти прижаты; разгибайте руки вниз до полного выпрямления и возвращайте без раскачки. Медленный негатив и пауза в сокращении.",трицепс,4.9,Triceps pushdown — tempo 3–1–3,Продвинутый,Локти уходят от корпуса; раскачка; перегиб кистей; отсутствует контроль темпа.
Отжимания на брусьях на нестабильной опоре,0,0,6,3,180,"Опирайтесь на брусья, корпус слегка наклонён; опускайтесь до параллели плеч с локтями, выжимайтесь вверх. Используйте валик/мяч, контролируйте положение корпуса.",грудь/трицепс,4.3,Dip — unstable surface,Продвинутый,Сильный провал в плечах; чрезмерная глубина; разброс локтей; отсутствует контроль темпа.
Отжимания на нестабильной опоре,5,0,10,4,120,"Упритесь ладонями под плечами, корпус прямой; опуститесь до касания грудью/90° в локтях, выжмитесь вверх. Используйте валик/мяч, контролируйте положение корпуса.",грудь/плечи/трицепс,4.8,Push-up — unstable surface,Продвинутый,Провисание корпуса; локти сильно в стороны; неполная амплитуда; отсутствует контроль темпа.
Скручивания на нестабильной опоре,0,0,12,4,90,"Лягте на спину, колени согнуты; подкручивайте грудную клетку к тазу, не тяните шею, делайте короткую паузу вверху. Используйте валик/мяч, контролируйте положение корпуса.",пресс,3.6,Crunch — unstable surface,Продвинутый,Тянуть шею руками; рывки; большой размах вместо подкручивания; отсутствует контроль темпа.
Подъём ног в висе на нестабильной опоре,0,0,15,4,60,"Повисните на перекладине; поднимайте прямые ноги/колени к груди, удерживая таз подкрученным, опускайте медленно. Используйте валик/мяч, контролируйте положение корпуса.",нижний пресс,3.6,Hanging leg raise — unstable surface,Продвинутый,Махи ногами; прогиб поясницы; отсутствие подкрутки таза; отсутствует контроль темпа.
Планка на нестабильной опоре,0,20,0,4,180,"Опуститесь на предплечья, корпус прямой; держите нейтральную спину и напряжённый кор, не провисайте. Используйте валик/мяч, контролируйте положение корпуса.",кор,3.5,Plank — unstable surface,Продвинутый,Провисание поясницы; поднятый таз; разведение лопаток; отсутствует контроль темпа.
Русский твист на нестабильной опоре,0,30,0,4,150,"Сядьте, корпус слегка отклонён; поворачивайте плечевой пояс и таз синхронно, касаясь пола по сторонам. Используйте валик/мяч, контролируйте положение корпуса.",косые мышцы живота,4.3,Russian twist — unstable surface,Продвинутый,Скругление спины; вращение одними руками; слишком быстрый темп; отсутствует контроль темпа.
Берпи на нестабильной опоре,0,20,0,5,150,"Из стойки сделайте упор лёжа, отожмитесь; подпрыгните вверх с руками над головой. Используйте валик/мяч, контролируйте положение корпуса.",всё тело/кардио,4.5,Burpee — unstable surface,Продвинутый,Плохая техника отжимания; колени заваливаются при прыжке; отсутствие фиксации вверху; отсутствует контроль темпа.
Скакалка на нестабильной опоре,0,60,0,3,60,"Держите локти близко к корпусу; вращайте верёвку кистями и приземляйтесь на носки мягко и ритмично. Используйте валик/мяч, контролируйте положение корпуса.",кардио/икры,3.5,Jump rope — unstable surface,Продвинутый,Слишком высокие прыжки; вращение плечами; жёсткая посадка на пятку; отсутствует контроль темпа.
Тяга каната к лицу темп 3–1–3,15,0,8,3,60,"Встаньте у блока с канатом; тяните к лицу, разводя кисти и сводя лопатки, держите локти высоко. Медленный негатив и пауза в сокращении.",задняя дельта/верх спины,4.2,Face pull — tempo 3–1–3,Продвинутый,Локти низко; тянуть руками без лопаток; нет разведения кистей; отсутствует контроль темпа.
Тяга гантели в наклоне тяжёлые 6–8 повторений,10,0,15,5,180,"Упритесь коленом и рукой в скамью; тяните гантель к тазу, сводя лопатки, опускайте без рывка. Выбирайте вес на 6–8 повторений с чистой техникой.",широчайшие/средняя спина,4.5,Dumbbell row — heavy 6–8 reps,Средний,Скручивание корпуса; рывки; тяга к плечу вместо к тазу; отсутствует контроль темпа.
Хип-траст с дефицита,20,0,12,3,120,"Плечи на скамье, штанга на тазе; поднимайте таз до линии корпус–бёдра, делая паузу вверху, опускайте. Используйте подставку для увеличения амплитуды, держите спину нейтральной.",ягодицы,4.2,Hip thrust — deficit,Продвинутый,Чрезмерный прогиб; короткая пауза; неверная постановка стоп; отсутствует контроль темпа.
Ягодичный мост на нестабильной опоре,5,0,6,4,60,"Лягте на спину, стопы ближе к тазу; поднимайте таз, сжимая ягодицы, опускайте, сохраняя нейтральную спину. Используйте валик/мяч, контролируйте положение корпуса.",ягодицы,3.6,Glute bridge — unstable surface,Продвинутый,Толчок поясницей; неполная амплитуда; колени гуляют; отсутствует контроль темпа.
Трастеры с дефицита,20,40,0,3,60,"Присядьте со штангой на груди и взрывно выжмите её над головой, возвращаясь в стойку контролируемо. Используйте подставку для увеличения амплитуды, держите спину нейтральной.",всё тело,4.4,Thruster — deficit,Продвинутый,Ранний пресс до выпрямления ног; дуга грифа; колени заваливаются; отсутствует контроль темпа.
Жим Арнольда тяжёлые 6–8 повторений,6,0,8,5,180,"Сидя, начните с гантелями у груди ладонями к себе; вращая кисти, выжмите вверх до полного разгибания и опустите обратно. Выбирайте вес на 6–8 повторений с чистой техникой.",плечи,4.1,Arnold press — heavy 6–8 reps,Средний,Сваливание локтей; сведение с ударом; излишний прогиб; отсутствует контроль темпа.
Фермерская прогулка тяжёлые 6–8 повторений,10,30,0,5,180,"Возьмите тяжёлые гантели, корпус высокий; идите ровно короткими шагами, удерживая кор и нейтральную спину. Выбирайте вес на 6–8 повторений с чистой техникой.",хват/кор/трапеции,3.7,Farmer's walk — heavy 6–8 reps,Средний,Сутулость; переваливание корпуса; стук снарядов о ноги; задержка дыхания; отсутствует контроль темпа.
Кикбэк на трицепс с гантелью тяжёлые 6–8 повторений,10,0,15,5,60,"Наклоните корпус, локоть прижмите и поднимите вверх; разгибайте руку назад до полного сокращения трицепса, возвращайте плавно. Выбирайте вес на 6–8 повторений с чистой техникой.",трицепс,4.7,Dumbbell triceps kickback — heavy 6–8 reps,Средний,Движение плечом; локоть опускается; чрезмерный вес; отсутствует контроль темпа.
Кикбэк на трицепс на блоке (канате) темп 3–1–3,20,0,6,4,120,"Корпус в наклоне, локти фиксированы; разгибайте предплечья назад, разводя концы каната в конце амплитуды. Медленный негатив и пауза в сокращении.",трицепс,4.3,Cable triceps kickback (rope) — tempo 3–1–3,Продвинутый,Разведение локтей; движение корпусом; излом запястий; отсутствует контроль темпа.
Кикбэк на трицепс с опорой на скамью тяжёлые 6–8 повторений,20,0,10,5,150,Опирайтесь на скамью свободной рукой; из положения наклона разгибайте руку с гантелью назад до полного выпрямления. Выбирайте вес на 6–8 повторений с чистой техникой.,трицепс,4.6,Bench-supported dumbbell triceps kickback — heavy 6–8 reps,Средний,Округление спины; локоть «уезжает»; махи; отсутствует контроль темпа.
Кикбэк на трицепс в наклоне (поочерёдно) тяжёлые 6–8 повторений,4,0,10,4,180,"В наклоне разгибайте поочерёдно каждую руку назад, фиксируя локоть и избегая раскачки корпуса. Выбирайте вес на 6–8 повторений с чистой техникой.",трицепс,4.3,Alternating dumbbell triceps kickback — heavy 6–8 reps,Средний,Раскачка корпусом; опускание локтя; неполная амплитуда; отсутствует контроль темпа.
Жим штанги лёжа с частичной амплитудой,30,0,8,5,120,"Лягте на скамью, лопатки сведены, стопы упираются; опустите штангу к нижней груди и выжмите вверх, не теряя напряжение. Работайте в верхней половине амплитуды для акцента.",грудь/плечи/трицепс,3.9,Barbell bench press — partial ROM,Средний,Развод локтей; отрыв стоп; отскок от груди; гиперпрогиб в пояснице; неполная пауза; отсутствует контроль темпа.
Жим гантелей на наклонной скамье с резинкой,12,0,6,4,60,"Лягте на наклон 30–45°, гантели у груди; выжмите по дуге вверх и сведите без удара, опускайте контролируемо. Добавьте резинку для сопротивления вверху.",верхняя грудь/плечи,3.9,Incline dumbbell press — banded,Продвинутый,Сведение с ударом; провал плеч; опускание слишком низко; потеря контроля лопаток; отсутствует контроль темпа.
Разводка гантелей лёжа с резинкой,12,0,10,4,90,"Лягте на скамью, лёгкий сгиб в локтях; разводите руки по широкой дуге до растяжения груди и сводите обратно. Добавьте резинку для сопротивления вверху.",грудь,4.5,Dumbbell flye — banded,Продвинутый,Слишком прямые руки; рывки; чрезмерный вес; превращение движения в жим; отсутствует контроль темпа.
Тяга штанги в наклоне с частичной амплитудой,40,0,6,5,60,"Станьте в наклон 30–45°, спина нейтральна; тяните штангу к нижней части живота, сводя лопатки, опускайте без рывков. Работайте в верхней половине амплитуды для акцента.",спина/задняя дельта,4.1,Bent-over barbell row — partial ROM,Средний,Круглая спина; подрыв корпусом; траектория слишком высоко; отсутствие паузы; отсутствует контроль темпа.
Становая тяга с частичной амплитудой,20,0,10,4,90,"Стопы на ширине таза, гриф над серединой стопы; держите спину нейтральной, поднимайте штангу, разгибая колени и бёдра одновременно. Работайте в верхней половине амплитуды для акцента.",задняя цепь/спина/ягодицы,4.2,Deadlift — partial ROM,Продвинутый,Округление поясницы; гриф далеко от тела; рывок с пола; перезалом вверху; отсутствует контроль темпа.
Румынская тяга с частичной амплитудой,50,0,15,4,60,"Штанга в руках, колени мягкие; отведите таз назад, опуская штангу вдоль бёдер до натяжения задней поверхности, затем вернитесь. Работайте в верхней половине амплитуды для акцента.",бёдра/ягодицы,4.0,Romanian deadlift — partial ROM,Средний,Сильный сгиб коленей; гриф далеко от ног; гиперпрогиб; короткая амплитуда; отсутствует контроль темпа.
Приседания со штангой с частичной амплитудой,60,0,8,4,60,"Стойка на ширине плеч, корпус напряжён; присядьте до параллели, колени по траектории носков, встаньте, сохраняя нейтральную спину. Работайте в верхней половине амплитуды для акцента.",квадрицепсы/ягодицы/кор,4.3,Back squat — partial ROM,Средний,Колени заваливаются; пятки отрываются; округление спины; непостоянная глубина; отсутствует контроль темпа.
Выпады с резинкой,8,0,6,5,180,"Сделайте широкий шаг вперёд; опуститесь до прямого угла в колене передней ноги, толкнитесь пяткой и вернитесь. Добавьте резинку для сопротивления вверху.",ягодицы/квадрицепсы,5.0,Lunge — banded,Продвинутый,Колено заваливается; шаг слишком короткий; чрезмерный наклон корпуса; толчок носком; отсутствует контроль темпа.
Жим штанги стоя с частичной амплитудой,50,0,15,4,180,"Стойка на ширине плеч, корпус напряжён; выжмите штангу над головой по прямой и опустите под контроль. Работайте в верхней половине амплитуды для акцента.",плечи/трицепс,4.3,Overhead press — partial ROM,Средний,Гиперпрогиб поясницы; дуга траектории; локти назад; задержка дыхания; отсутствует контроль темпа.
Жим гантелей сидя с резинкой,8,0,10,3,90,"Сядьте, лопатки сведены; выжимайте гантели вверх по дуге и опускайте до уровня ушей. Добавьте резинку для сопротивления вверху.",плечи,4.4,Seated dumbbell shoulder press — banded,Продвинутый,Сведение с ударом; отрыв поясницы; опускание слишком низко; отсутствует контроль темпа.
Махи гантелями в стороны с резинкой,6,0,12,4,120,"Встаньте прямо, лёгкий наклон корпуса; поднимайте гантели в стороны до уровня плеч, ведите локтем, опускайте медленно. Добавьте резинку для сопротивления вверху.",средняя дельта,3.8,Dumbbell lateral raise — banded,Продвинутый,Читинг корпусом; чрезмерные веса; внутренний поворот плеча; отсутствует контроль темпа.
Тяга к подбородку с частичной амплитудой,20,0,6,3,180,"Возьмитесь узким хватом; тяните штангу вдоль корпуса до верхней груди/ключиц, локти выше грифа, опускайте плавно. Работайте в верхней половине амплитуды для акцента.",плечи/трапеции,4.8,Upright row — partial ROM,Средний,Слишком узкий хват; подъём слишком высоко; излом запястий; отсутствует контроль темпа.
Шраги с резинкой,12,0,10,4,60,"Держите гантели по бокам; поднимайте плечи вверх к ушам, делая короткую паузу, опускайте полностью. Добавьте резинку для сопротивления вверху.",трапеции,4.1,Shrug — banded,Продвинутый,Вращение плечами; короткая амплитуда; чрезмерный вес с читингом; отсутствует контроль темпа.
Подъём на бицепс со штангой с частичной амплитудой,60,0,12,4,60,"Стойка стабильна, локти у корпуса; сгибайте руки, не раскачивая корпус, опускайте под контролем. Работайте в верхней половине амплитуды для акцента.",бицепс,4.6,Barbell biceps curl — partial ROM,Средний,Раскачка корпусом; локти уходят вперёд; частичная амплитуда; отсутствует контроль темпа.
Подъём на бицепс молот с резинкой,16,0,8,4,120,"Хват нейтральный, локти у корпуса; поднимайте гантели, сохраняя предплечья в нейтрали, опускайте медленно. Добавьте резинку для сопротивления вверху.",бицепс/предплечья,3.6,Hammer curl — banded,Продвинутый,Локти отходят; махи; неконтролируемая эксцентрика; отсутствует контроль темпа.
Концентрированный подъём на бицепс с резинкой,20,0,8,5,180,"Сядьте, упёрев локоть в бедро; поднимайте гантель к плечу, делая паузу вверху, опускайте контролируемо. Добавьте резинку для сопротивления вверху.",бицепс,3.9,Concentration curl — banded,Продвинутый,Движение плечом; потеря фиксации локтя; скручивание корпуса; отсутствует контроль темпа.
Французский жим с частичной амплитудой,40,0,15,3,150,"Лягте на скамью, штанга над грудью; сгибайте руки, опуская гриф к лбу/за голову, разогните до полного сокращения трицепса. Работайте в верхней половине амплитуды для акцента.",трицепс,3.8,Lying triceps extension — partial ROM,Средний,Локти расходятся; опускание на лоб; гиперпрогиб в пояснице; отсутствует контроль темпа.
Тяга гантели в наклоне с резинкой,12,0,15,4,120,"Упритесь коленом и рукой в скамью; тяните гантель к тазу, сводя лопатки, опускайте без рывка. Добавьте резинку для сопротивления вверху.",широчайшие/средняя спина,4.7,Dumbbell row — banded,Продвинутый,Скручивание корпуса; рывки; тяга к плечу вместо к тазу; отсутствует контроль темпа.
Хип-траст с частичной амплитудой,60,0,15,5,150,"Плечи на скамье, штанга на тазе; поднимайте таз до линии корпус–бёдра, делая паузу вверху, опускайте. Работайте в верхней половине амплитуды для акцента.",ягодицы,4.3,Hip thrust — partial ROM,Средний,Чрезмерный прогиб; короткая пауза; неверная постановка стоп; отсутствует контроль темпа.
Трастеры с частичной амплитудой,70,40,0,4,60,"Присядьте со штангой на груди и взрывно выжмите её над головой, возвращаясь в стойку контролируемо. Работайте в верхней половине амплитуды для акцента.",всё тело,4.2,Thruster — partial ROM,Продвинутый,Ранний пресс до выпрямления ног; дуга грифа; колени заваливаются; отсутствует контроль темпа.
Жим Арнольда с резинкой,8,0,8,3,150,"Сидя, начните с гантелями у груди ладонями к себе; вращая кисти, выжмите вверх до полного разгибания и опустите обратно. Добавьте резинку для сопротивления вверху.",плечи,3.9,Arnold press — banded,Продвинутый,Сваливание локтей; сведение с ударом; излишний прогиб; отсутствует контроль темпа.
Фермерская прогулка с резинкой,6,60,0,5,90,"Возьмите тяжёлые гантели, корпус высокий; идите ровно короткими шагами, удерживая кор и нейтральную спину. Добавьте резинку для сопротивления вверху.",хват/кор/трапеции,3.9,Farmer's walk — banded,Продвинутый,Сутулость; переваливание корпуса; стук снарядов о ноги; задержка дыхания; отсутствует контроль темпа.
Кикбэк на трицепс с гантелью с резинкой,16,0,15,4,180,"Наклоните корпус, локоть прижмите и поднимите вверх; разгибайте руку назад до полного сокращения трицепса, возвращайте плавно. Добавьте резинку для сопротивления вверху.",трицепс,4.6,Dumbbell triceps kickback — banded,Продвинутый,Движение плечом; локоть опускается; чрезмерный вес; отсутствует контроль темпа.
Кикбэк на трицепс с опорой на скамью с резинкой,4,0,10,5,90,Опирайтесь на скамью свободной рукой; из положения наклона разгибайте руку с гантелью назад до полного выпрямления. Добавьте резинку для сопротивления вверху.,трицепс,4.4,Bench-supported dumbbell triceps kickback — banded,Продвинутый,Округление спины; локоть «уезжает»; махи; отсутствует контроль темпа.
Кикбэк на трицепс в наклоне (поочерёдно) с резинкой,20,0,10,5,120,"В наклоне разгибайте поочерёдно каждую руку назад, фиксируя локоть и избегая раскачки корпуса. Добавьте резинку для сопротивления вверху.",трицепс,4.7,Alternating dumbbell triceps kickback — banded,Продвинутый,Раскачка корпусом; опускание локтя; неполная амплитуда; отсутствует контроль темпа.
Жим штанги лёжа обратным хватом,60,0,15,4,90,"Лягте на скамью, лопатки сведены, стопы упираются; опустите штангу к нижней груди и выжмите вверх, не теряя напряжение. Держите запястья в нейтрали, контролируйте локти.",грудь/плечи/трицепс,3.6,Barbell bench press — reverse-grip,Средний,Развод локтей; отрыв стоп; отскок от груди; гиперпрогиб в пояснице; неполная пауза; отсутствует контроль темпа.
Жим гантелей на наклонной скамье нейтральным хватом,6,0,15,3,180,"Лягте на наклон 30–45°, гантели у груди; выжмите по дуге вверх и сведите без удара, опускайте контролируемо. Держите нейтральный хват, локти по линии движения.",верхняя грудь/плечи,4.0,Incline dumbbell press — neutral-grip,Средний,Сведение с ударом; провал плеч; опускание слишком низко; потеря контроля лопаток; отсутствует контроль темпа.
Разводка гантелей лёжа нейтральным хватом,12,0,6,5,180,"Лягте на скамью, лёгкий сгиб в локтях; разводите руки по широкой дуге до растяжения груди и сводите обратно. Держите нейтральный хват, локти по линии движения.",грудь,4.2,Dumbbell flye — neutral-grip,Новичок,Слишком прямые руки; рывки; чрезмерный вес; превращение движения в жим; отсутствует контроль темпа.
Тяга штанги в наклоне обратным хватом,40,0,12,5,180,"Станьте в наклон 30–45°, спина нейтральна; тяните штангу к нижней части живота, сводя лопатки, опускайте без рывков. Держите запястья в нейтрали, контролируйте локти.",спина/задняя дельта,4.5,Bent-over barbell row — reverse-grip,Средний,Круглая спина; подрыв корпусом; траектория слишком высоко; отсутствие паузы; отсутствует контроль темпа.
Становая тяга обратным хватом,30,0,15,3,90,"Стопы на ширине таза, гриф над серединой стопы; держите спину нейтральной, поднимайте штангу, разгибая колени и бёдра одновременно. Держите запястья в нейтрали, контролируйте локти.",задняя цепь/спина/ягодицы,4.5,Deadlift — reverse-grip,Продвинутый,Округление поясницы; гриф далеко от тела; рывок с пола; перезалом вверху; отсутствует контроль темпа.
Румынская тяга обратным хватом,20,0,15,3,60,"Штанга в руках, колени мягкие; отведите таз назад, опуская штангу вдоль бёдер до натяжения задней поверхности, затем вернитесь. Держите запястья в нейтрали, контролируйте локти.",бёдра/ягодицы,3.6,Romanian deadlift — reverse-grip,Средний,Сильный сгиб коленей; гриф далеко от ног; гиперпрогиб; короткая амплитуда; отсутствует контроль темпа.
Приседания со штангой обратным хватом,60,0,15,4,150,"Стойка на ширине плеч, корпус напряжён; присядьте до параллели, колени по траектории носков, встаньте, сохраняя нейтральную спину. Держите запястья в нейтрали, контролируйте локти.",квадрицепсы/ягодицы/кор,4.5,Back squat — reverse-grip,Средний,Колени заваливаются; пятки отрываются; округление спины; непостоянная глубина; отсутствует контроль темпа.
Выпады нейтральным хватом,6,0,8,4,120,"Сделайте широкий шаг вперёд; опуститесь до прямого угла в колене передней ноги, толкнитесь пяткой и вернитесь. Держите нейтральный хват, локти по линии движения.",ягодицы/квадрицепсы,4.5,Lunge — neutral-grip,Новичок,Колено заваливается; шаг слишком короткий; чрезмерный наклон корпуса; толчок носком; отсутствует контроль темпа.
Жим штанги стоя обратным хватом,20,0,15,3,120,"Стойка на ширине плеч, корпус напряжён; выжмите штангу над головой по прямой и опустите под контроль. Держите запястья в нейтрали, контролируйте локти.",плечи/трицепс,4.8,Overhead press — reverse-grip,Средний,Гиперпрогиб поясницы; дуга траектории; локти назад; задержка дыхания; отсутствует контроль темпа.
Жим гантелей сидя нейтральным хватом,12,0,12,4,150,"Сядьте, лопатки сведены; выжимайте гантели вверх по дуге и опускайте до уровня ушей. Держите нейтральный хват, локти по линии движения.",плечи,4.3,Seated dumbbell shoulder press — neutral-grip,Средний,Сведение с ударом; отрыв поясницы; опускание слишком низко; отсутствует контроль темпа.
Махи гантелями в стороны нейтральным хватом,16,0,12,3,90,"Встаньте прямо, лёгкий наклон корпуса; поднимайте гантели в стороны до уровня плеч, ведите локтем, опускайте медленно. Держите нейтральный хват, локти по линии движения.",средняя дельта,3.8,Dumbbell lateral raise — neutral-grip,Новичок,Читинг корпусом; чрезмерные веса; внутренний поворот плеча; отсутствует контроль темпа.
Тяга к подбородку обратным хватом,40,0,15,3,150,"Возьмитесь узким хватом; тяните штангу вдоль корпуса до верхней груди/ключиц, локти выше грифа, опускайте плавно. Держите запястья в нейтрали, контролируйте локти.",плечи/трапеции,4.6,Upright row — reverse-grip,Средний,Слишком узкий хват; подъём слишком высоко; излом запястий; отсутствует контроль темпа.
Шраги нейтральным хватом,4,0,12,3,90,"Держите гантели по бокам; поднимайте плечи вверх к ушам, делая короткую паузу, опускайте полностью. Держите нейтральный хват, локти по линии движения.",трапеции,4.0,Shrug — neutral-grip,Новичок,Вращение плечами; короткая амплитуда; чрезмерный вес с читингом; отсутствует контроль темпа.
Подъём на бицепс со штангой обратным хватом,20,0,10,4,90,"Стойка стабильна, локти у корпуса; сгибайте руки, не раскачивая корпус, опускайте под контролем. Держите запястья в нейтрали, контролируйте локти.",бицепс,5.0,Barbell biceps curl — reverse-grip,Средний,Раскачка корпусом; локти уходят вперёд; частичная амплитуда; отсутствует контроль темпа.
Подъём на бицепс молот нейтральным хватом,8,0,10,4,180,"Хват нейтральный, локти у корпуса; поднимайте гантели, сохраняя предплечья в нейтрали, опускайте медленно. Держите нейтральный хват, локти по линии движения.",бицепс/предплечья,3.5,Hammer curl — neutral-grip,Новичок,Локти отходят; махи; неконтролируемая эксцентрика; отсутствует контроль темпа.
Концентрированный подъём на бицепс нейтральным хватом,10,0,15,4,120,"Сядьте, упёрев локоть в бедро; поднимайте гантель к плечу, делая паузу вверху, опускайте контролируемо. Держите нейтральный хват, локти по линии движения.",бицепс,4.1,Concentration curl — neutral-grip,Новичок,Движение плечом; потеря фиксации локтя; скручивание корпуса; отсутствует контроль темпа.
Французский жим обратным хватом,60,0,6,4,120,"Лягте на скамью, штанга над грудью; сгибайте руки, опуская гриф к лбу/за голову, разогните до полного сокращения трицепса. Держите запястья в нейтрали, контролируйте локти.",трицепс,3.5,Lying triceps extension — reverse-grip,Средний,Локти расходятся; опускание на лоб; гиперпрогиб в пояснице; отсутствует контроль темпа.
Тяга гантели в наклоне нейтральным хватом,16,0,8,4,90,"Упритесь коленом и рукой в скамью; тяните гантель к тазу, сводя лопатки, опускайте без рывка. Держите нейтральный хват, локти по линии движения.",широчайшие/средняя спина,4.7,Dumbbell row — neutral-grip,Средний,Скручивание корпуса; рывки; тяга к плечу вместо к тазу; отсутствует контроль темпа.
Хип-траст обратным хватом,60,0,6,5,120,"Плечи на скамье, штанга на тазе; поднимайте таз до линии корпус–бёдра, делая паузу вверху, опускайте. Держите запястья в нейтрали, контролируйте локти.",ягодицы,4.3,Hip thrust — reverse-grip,Средний,Чрезмерный прогиб; короткая пауза; неверная постановка стоп; отсутствует контроль темпа.
Трастеры обратным хватом,50,45,0,4,120,"Присядьте со штангой на груди и взрывно выжмите её над головой, возвращаясь в стойку контролируемо. Держите запястья в нейтрали, контролируйте локти.",всё тело,4.7,Thruster — reverse-grip,Продвинутый,Ранний пресс до выпрямления ног; дуга грифа; колени заваливаются; отсутствует контроль темпа.
Жим Арнольда нейтральным хватом,8,0,12,5,90,"Сидя, начните с гантелями у груди ладонями к себе; вращая кисти, выжмите вверх до полного разгибания и опустите обратно. Держите нейтральный хват, локти по линии движения.",плечи,3.7,Arnold press — neutral-grip,Средний,Сваливание локтей; сведение с ударом; излишний прогиб; отсутствует контроль темпа.
Фермерская прогулка нейтральным хватом,10,40,0,5,120,"Возьмите тяжёлые гантели, корпус высокий; идите ровно короткими шагами, удерживая кор и нейтральную спину. Держите нейтральный хват, локти по линии движения.",хват/кор/трапеции,3.5,Farmer's walk — neutral-grip,Средний,Сутулость; переваливание корпуса; стук снарядов о ноги; задержка дыхания; отсутствует контроль темпа.
Кикбэк на трицепс с гантелью нейтральным хватом,4,0,6,3,120,"Наклоните корпус, локоть прижмите и поднимите вверх; разгибайте руку назад до полного сокращения трицепса, возвращайте плавно. Держите нейтральный хват, локти по линии движения.",трицепс,4.3,Dumbbell triceps kickback — neutral-grip,Новичок,Движение плечом; локоть опускается; чрезмерный вес; отсутствует контроль темпа.
Кикбэк на трицепс с опорой на скамью нейтральным хватом,6,0,15,3,150,"Опирайтесь на скамью свободной рукой; из положения наклона разгибайте руку с гантелью назад до полного выпрямления. Держите нейтральный хват, локти по линии движения.",трицепс,4.5,Bench-supported dumbbell triceps kickback — neutral-grip,Новичок,Округление спины; локоть «уезжает»; махи; отсутствует контроль темпа.
Кикбэк на трицепс в наклоне (поочерёдно) нейтральным хватом,12,0,8,4,60,"В наклоне разгибайте поочерёдно каждую руку назад, фиксируя локоть и избегая раскачки корпуса. Держите нейтральный хват, локти по линии движения.",трицепс,4.3,Alternating dumbbell triceps kickback — neutral-grip,Новичок,Раскачка корпусом; опускание локтя; неполная амплитуда; отсутствует контроль темпа.
Жим штанги лёжа с паузой вверху,60,0,8,5,90,"Лягте на скамью, лопатки сведены, стопы упираются; опустите штангу к нижней груди и выжмите вверх, не теряя напряжение. Фиксируйте 1 сек в пик-сокращении и опускайте медленно.",грудь/плечи/трицепс,3.7,Barbell bench press — with top pause,Средний,Развод локтей; отрыв стоп; отскок от груди; гиперпрогиб в пояснице; неполная пауза; отсутствует контроль темпа.
Жим гантелей на наклонной скамье обратным хватом,16,0,15,4,150,"Лягте на наклон 30–45°, гантели у груди; выжмите по дуге вверх и сведите без удара, опускайте контролируемо. Разворачивайте предплечья контролируемо, не ломайте запястья.",верхняя грудь/плечи,4.2,Incline dumbbell press — reverse-grip,Средний,Сведение с ударом; провал плеч; опускание слишком низко; потеря контроля лопаток; отсутствует контроль темпа.
Разводка гантелей лёжа обратным хватом,20,0,10,3,60,"Лягте на скамью, лёгкий сгиб в локтях; разводите руки по широкой дуге до растяжения груди и сводите обратно. Разворачивайте предплечья контролируемо, не ломайте запястья.",грудь,4.6,Dumbbell flye — reverse-grip,Средний,Слишком прямые руки; рывки; чрезмерный вес; превращение движения в жим; отсутствует контроль темпа.
Тяга штанги в наклоне с паузой вверху,30,0,12,5,180,"Станьте в наклон 30–45°, спина нейтральна; тяните штангу к нижней части живота, сводя лопатки, опускайте без рывков. Фиксируйте 1 сек в пик-сокращении и опускайте медленно.",спина/задняя дельта,4.2,Bent-over barbell row — with top pause,Средний,Круглая спина; подрыв корпусом; траектория слишком высоко; отсутствие паузы; отсутствует контроль темпа.
Становая тяга с паузой вверху,60,0,15,5,150,"Стопы на ширине таза, гриф над серединой стопы; держите спину нейтральной, поднимайте штангу, разгибая колени и бёдра одновременно. Фиксируйте 1 сек в пик-сокращении и опускайте медленно.",задняя цепь/спина/ягодицы,4.2,Deadlift — with top pause,Продвинутый,Округление поясницы; гриф далеко от тела; рывок с пола; перезалом вверху; отсутствует контроль темпа.
Румынская тяга с паузой вверху,30,0,8,4,180,"Штанга в руках, колени мягкие; отведите таз назад, опуская штангу вдоль бёдер до натяжения задней поверхности, затем вернитесь. Фиксируйте 1 сек в пик-сокращении и опускайте медленно.",бёдра/ягодицы,3.9,Romanian deadlift — with top pause,Средний,Сильный сгиб коленей; гриф далеко от ног; гиперпрогиб; короткая амплитуда; отсутствует контроль темпа.
Приседания со штангой с паузой вверху,40,0,8,3,180,"Стойка на ширине плеч, корпус напряжён; присядьте до параллели, колени по траектории носков, встаньте, сохраняя нейтральную спину. Фиксируйте 1 сек в пик-сокращении и опускайте медленно.",квадрицепсы/ягодицы/кор,4.3,Back squat — with top pause,Средний,Колени заваливаются; пятки отрываются; округление спины; непостоянная глубина; отсутствует контроль темпа.
Выпады обратным хватом,8,0,6,3,120,"Сделайте широкий шаг вперёд; опуститесь до прямого угла в колене передней ноги, толкнитесь пяткой и вернитесь. Разворачивайте предплечья контролируемо, не ломайте запястья.",ягодицы/квадрицепсы,4.7,Lunge — reverse-grip,Средний,Колено заваливается; шаг слишком короткий; чрезмерный наклон корпуса; толчок носком; отсутствует контроль темпа.
Жим штанги стоя с паузой вверху,30,0,8,5,180,"Стойка на ширине плеч, корпус напряжён; выжмите штангу над головой по прямой и опустите под контроль. Фиксируйте 1 сек в пик-сокращении и опускайте медленно.",плечи/трицепс,4.5,Overhead press — with top pause,Средний,Гиперпрогиб поясницы; дуга траектории; локти назад; задержка дыхания; отсутствует контроль темпа.
Жим гантелей сидя обратным хватом,20,0,6,5,150,"Сядьте, лопатки сведены; выжимайте гантели вверх по дуге и опускайте до уровня ушей. Разворачивайте предплечья контролируемо, не ломайте запястья.",плечи,4.7,Seated dumbbell shoulder press — reverse-grip,Средний,Сведение с ударом; отрыв поясницы; опускание слишком низко; отсутствует контроль темпа.
Махи гантелями в стороны обратным хватом,20,0,8,5,150,"Встаньте прямо, лёгкий наклон корпуса; поднимайте гантели в стороны до уровня плеч, ведите локтем, опускайте медленно. Разворачивайте предплечья контролируемо, не ломайте запястья.",средняя дельта,4.1,Dumbbell lateral raise — reverse-grip,Средний,Читинг корпусом; чрезмерные веса; внутренний поворот плеча; отсутствует контроль темпа.
Тяга к подбородку с паузой вверху,20,0,8,3,120,"Возьмитесь узким хватом; тяните штангу вдоль корпуса до верхней груди/ключиц, локти выше грифа, опускайте плавно. Фиксируйте 1 сек в пик-сокращении и опускайте медленно.",плечи/трапеции,4.6,Upright row — with top pause,Средний,Слишком узкий хват; подъём слишком высоко; излом запястий; отсутствует контроль темпа.
Шраги обратным хватом,8,0,8,3,60,"Держите гантели по бокам; поднимайте плечи вверх к ушам, делая короткую паузу, опускайте полностью. Разворачивайте предплечья контролируемо, не ломайте запястья.",трапеции,4.1,Shrug — reverse-grip,Средний,Вращение плечами; короткая амплитуда; чрезмерный вес с читингом; отсутствует контроль темпа.
Подъём на бицепс со штангой с паузой вверху,50,0,6,5,120,"Стойка стабильна, локти у корпуса; сгибайте руки, не раскачивая корпус, опускайте под контролем. Фиксируйте 1 сек в пик-сокращении и опускайте медленно.",бицепс,5.0,Barbell biceps curl — with top pause,Средний,Раскачка корпусом; локти уходят вперёд; частичная амплитуда; отсутствует контроль темпа.
Подъём на бицепс молот обратным хватом,10,0,8,4,150,"Хват нейтральный, локти у корпуса; поднимайте гантели, сохраняя предплечья в нейтрали, опускайте медленно. Разворачивайте предплечья контролируемо, не ломайте запястья.",бицепс/предплечья,3.7,Hammer curl — reverse-grip,Средний,Локти отходят; махи; неконтролируемая эксцентрика; отсутствует контроль темпа.
Концентрированный подъём на бицепс обратным хватом,4,0,10,3,180,"Сядьте, упёрев локоть в бедро; поднимайте гантель к плечу, делая паузу вверху, опускайте контролируемо. Разворачивайте предплечья контролируемо, не ломайте запястья.",бицепс,3.7,Concentration curl — reverse-grip,Средний,Движение плечом; потеря фиксации локтя; скручивание корпуса; отсутствует контроль темпа.
Французский жим с паузой вверху,70,0,12,4,60,"Лягте на скамью, штанга над грудью; сгибайте руки, опуская гриф к лбу/за голову, разогните до полного сокращения трицепса. Фиксируйте 1 сек в пик-сокращении и опускайте медленно.",трицепс,3.7,Lying triceps extension — with top pause,Средний,Локти расходятся; опускание на лоб; гиперпрогиб в пояснице; отсутствует контроль темпа.
Тяга гантели в наклоне обратным хватом,20,0,12,3,60,"Упритесь коленом и рукой в скамью; тяните гантель к тазу, сводя лопатки, опускайте без рывка. Разворачивайте предплечья контролируемо, не ломайте запястья.",широчайшие/средняя спина,4.5,Dumbbell row — reverse-grip,Средний,Скручивание корпуса; рывки; тяга к плечу вместо к тазу; отсутствует контроль темпа.
Хип-траст с паузой вверху,20,0,8,3,120,"Плечи на скамье, штанга на тазе; поднимайте таз до линии корпус–бёдра, делая паузу вверху, опускайте. Фиксируйте 1 сек в пик-сокращении и опускайте медленно.",ягодицы,3.8,Hip thrust — with top pause,Средний,Чрезмерный прогиб; короткая пауза; неверная постановка стоп; отсутствует контроль темпа.
Трастеры с паузой вверху,40,20,0,5,150,"Присядьте со штангой на груди и взрывно выжмите её над головой, возвращаясь в стойку контролируемо. Фиксируйте 1 сек в пик-сокращении и опускайте медленно.",всё тело,4.2,Thruster — with top pause,Продвинутый,Ранний пресс до выпрямления ног; дуга грифа; колени заваливаются; отсутствует контроль темпа.
Жим Арнольда обратным хватом,16,0,6,5,90,"Сидя, начните с гантелями у груди ладонями к себе; вращая кисти, выжмите вверх до полного разгибания и опустите обратно. Разворачивайте предплечья контролируемо, не ломайте запястья.",плечи,3.7,Arnold press — reverse-grip,Средний,Сваливание локтей; сведение с ударом; излишний прогиб; отсутствует контроль темпа.
Фермерская прогулка обратным хватом,20,40,0,3,150,"Возьмите тяжёлые гантели, корпус высокий; идите ровно короткими шагами, удерживая кор и нейтральную спину. Разворачивайте предплечья контролируемо, не ломайте запястья.",хват/кор/трапеции,3.6,Farmer's walk — reverse-grip,Средний,Сутулость; переваливание корпуса; стук снарядов о ноги; задержка дыхания; отсутствует контроль темпа.
Кикбэк на трицепс с гантелью обратным хватом,10,0,10,5,150,"Наклоните корпус, локоть прижмите и поднимите вверх; разгибайте руку назад до полного сокращения трицепса, возвращайте плавно. Разворачивайте предплечья контролируемо, не ломайте запястья.",трицепс,4.7,Dumbbell triceps kickback — reverse-grip,Средний,Движение плечом; локоть опускается; чрезмерный вес; отсутствует контроль темпа.
Кикбэк на трицепс с опорой на скамью обратным хватом,12,0,6,5,120,"Опирайтесь на скамью свободной рукой; из положения наклона разгибайте руку с гантелью назад до полного выпрямления. Разворачивайте предплечья контролируемо, не ломайте запястья.",трицепс,4.4,Bench-supported dumbbell triceps kickback — reverse-grip,Средний,Округление спины; локоть «уезжает»; махи; отсутствует контроль темпа.
Кикбэк на трицепс в наклоне (поочерёдно) обратным хватом,8,0,15,5,150,"В наклоне разгибайте поочерёдно каждую руку назад, фиксируя локоть и избегая раскачки корпуса. Разворачивайте предплечья контролируемо, не ломайте запястья.",трицепс,4.4,Alternating dumbbell triceps kickback — reverse-grip,Средний,Раскачка корпусом; опускание локтя; неполная амплитуда; отсутствует контроль темпа.
Жим штанги лёжа унилатерально на машине,60,0,8,4,120,"Лягте на скамью, лопатки сведены, стопы упираются; опустите штангу к нижней груди и выжмите вверх, не теряя напряжение. Работайте поочерёдно, удерживая корпус стабильным.",грудь/плечи/трицепс,3.9,Barbell bench press — unilateral on machine,Средний,Развод локтей; отрыв стоп; отскок от груди; гиперпрогиб в пояснице; неполная пауза; отсутствует контроль темпа.
Жим гантелей на наклонной скамье с паузой вверху,16,0,6,3,90,"Лягте на наклон 30–45°, гантели у груди; выжмите по дуге вверх и сведите без удара, опускайте контролируемо. Фиксация 1 сек в пик-сокращении.",верхняя грудь/плечи,4.2,Incline dumbbell press — with top pause,Средний,Сведение с ударом; провал плеч; опускание слишком низко; потеря контроля лопаток; отсутствует контроль темпа.
Разводка гантелей лёжа с паузой вверху,8,0,6,3,180,"Лягте на скамью, лёгкий сгиб в локтях; разводите руки по широкой дуге до растяжения груди и сводите обратно. Фиксация 1 сек в пик-сокращении.",грудь,4.4,Dumbbell flye — with top pause,Средний,Слишком прямые руки; рывки; чрезмерный вес; превращение движения в жим; отсутствует контроль темпа.
Тяга штанги в наклоне унилатерально на машине,30,0,10,5,60,"Станьте в наклон 30–45°, спина нейтральна; тяните штангу к нижней части живота, сводя лопатки, опускайте без рывков. Работайте поочерёдно, удерживая корпус стабильным.",спина/задняя дельта,4.3,Bent-over barbell row — unilateral on machine,Средний,Круглая спина; подрыв корпусом; траектория слишком высоко; отсутствие паузы; отсутствует контроль темпа.
Становая тяга унилатерально на машине,70,0,8,5,180,"Стопы на ширине таза, гриф над серединой стопы; держите спину нейтральной, поднимайте штангу, разгибая колени и бёдра одновременно. Работайте поочерёдно, удерживая корпус стабильным.",задняя цепь/спина/ягодицы,4.3,Deadlift — unilateral on machine,Продвинутый,Округление поясницы; гриф далеко от тела; рывок с пола; перезалом вверху; отсутствует контроль темпа.
Румынская тяга унилатерально на машине,20,0,15,5,180,"Штанга в руках, колени мягкие; отведите таз назад, опуская штангу вдоль бёдер до натяжения задней поверхности, затем вернитесь. Работайте поочерёдно, удерживая корпус стабильным.",бёдра/ягодицы,4.1,Romanian deadlift — unilateral on machine,Средний,Сильный сгиб коленей; гриф далеко от ног; гиперпрогиб; короткая амплитуда; отсутствует контроль темпа.
Приседания со штангой унилатерально на машине,60,0,6,4,90,"Стойка на ширине плеч, корпус напряжён; присядьте до параллели, колени по траектории носков, встаньте, сохраняя нейтральную спину. Работайте поочерёдно, удерживая корпус стабильным.",квадрицепсы/ягодицы/кор,4.5,Back squat — unilateral on machine,Средний,Колени заваливаются; пятки отрываются; округление спины; непостоянная глубина; отсутствует контроль темпа.
Выпады с паузой вверху,6,0,12,5,90,"Сделайте широкий шаг вперёд; опуститесь до прямого угла в колене передней ноги, толкнитесь пяткой и вернитесь. Фиксация 1 сек в пик-сокращении.",ягодицы/квадрицепсы,4.8,Lunge — with top pause,Средний,Колено заваливается; шаг слишком короткий; чрезмерный наклон корпуса; толчок носком; отсутствует контроль темпа.
Жим штанги стоя унилатерально на машине,70,0,8,5,60,"Стойка на ширине плеч, корпус напряжён; выжмите штангу над головой по прямой и опустите под контроль. Работайте поочерёдно, удерживая корпус стабильным.",плечи/трицепс,4.8,Overhead press — unilateral on machine,Средний,Гиперпрогиб поясницы; дуга траектории; локти назад; задержка дыхания; отсутствует контроль темпа.
Жим гантелей сидя с паузой вверху,20,0,8,4,120,"Сядьте, лопатки сведены; выжимайте гантели вверх по дуге и опускайте до уровня ушей. Фиксация 1 сек в пик-сокращении.",плечи,4.6,Seated dumbbell shoulder press — with top pause,Средний,Сведение с ударом; отрыв поясницы; опускание слишком низко; отсутствует контроль темпа.
Махи гантелями в стороны с паузой вверху,6,0,6,4,60,"Встаньте прямо, лёгкий наклон корпуса; поднимайте гантели в стороны до уровня плеч, ведите локтем, опускайте медленно. Фиксация 1 сек в пик-сокращении.",средняя дельта,3.8,Dumbbell lateral raise — with top pause,Средний,Читинг корпусом; чрезмерные веса; внутренний поворот плеча; отсутствует контроль темпа.
Тяга к подбородку унилатерально на машине,20,0,15,4,150,"Возьмитесь узким хватом; тяните штангу вдоль корпуса до верхней груди/ключиц, локти выше грифа, опускайте плавно. Работайте поочерёдно, удерживая корпус стабильным.",плечи/трапеции,4.9,Upright row — unilateral on machine,Средний,Слишком узкий хват; подъём слишком высоко; излом запястий; отсутствует контроль темпа.
Шраги с паузой вверху,12,0,10,3,120,"Держите гантели по бокам; поднимайте плечи вверх к ушам, делая короткую паузу, опускайте полностью. Фиксация 1 сек в пик-сокращении.",трапеции,4.1,Shrug — with top pause,Средний,Вращение плечами; короткая амплитуда; чрезмерный вес с читингом; отсутствует контроль темпа.
Подъём на бицепс со штангой унилатерально на машине,70,0,15,3,60,"Стойка стабильна, локти у корпуса; сгибайте руки, не раскачивая корпус, опускайте под контролем. Работайте поочерёдно, удерживая корпус стабильным.",бицепс,4.6,Barbell biceps curl — unilateral on machine,Средний,Раскачка корпусом; локти уходят вперёд; частичная амплитуда; отсутствует контроль темпа.
Подъём на бицепс молот с паузой вверху,4,0,10,3,150,"Хват нейтральный, локти у корпуса; поднимайте гантели, сохраняя предплечья в нейтрали, опускайте медленно. Фиксация 1 сек в пик-сокращении.",бицепс/предплечья,3.9,Hammer curl — with top pause,Средний,Локти отходят; махи; неконтролируемая эксцентрика; отсутствует контроль темпа.
Концентрированный подъём на бицепс с паузой вверху,20,0,15,4,60,"Сядьте, упёрев локоть в бедро; поднимайте гантель к плечу, делая паузу вверху, опускайте контролируемо. Фиксация 1 сек в пик-сокращении.",бицепс,3.7,Concentration curl — with top pause,Средний,Движение плечом; потеря фиксации локтя; скручивание корпуса; отсутствует контроль темпа.
Французский жим унилатерально на машине,30,0,6,3,120,"Лягте на скамью, штанга над грудью; сгибайте руки, опуская гриф к лбу/за голову, разогните до полного сокращения трицепса. Работайте поочерёдно, удерживая корпус стабильным.",трицепс,3.5,Lying triceps extension — unilateral on machine,Средний,Локти расходятся; опускание на лоб; гиперпрогиб в пояснице; отсутствует контроль темпа.
Тяга гантели в наклоне с паузой вверху,8,0,6,5,120,"Упритесь коленом и рукой в скамью; тяните гантель к тазу, сводя лопатки, опускайте без рывка. Фиксация 1 сек в пик-сокращении.",широчайшие/средняя спина,4.5,Dumbbell row — with top pause,Средний,Скручивание корпуса; рывки; тяга к плечу вместо к тазу; отсутствует контроль темпа.
Хип-траст унилатерально на машине,70,0,15,5,90,"Плечи на скамье, штанга на тазе; поднимайте таз до линии корпус–бёдра, делая паузу вверху, опускайте. Работайте поочерёдно, удерживая корпус стабильным.",ягодицы,3.8,Hip thrust — unilateral on machine,Средний,Чрезмерный прогиб; короткая пауза; неверная постановка стоп; отсутствует контроль темпа.
Трастеры унилатерально на машине,70,40,0,3,90,"Присядьте со штангой на груди и взрывно выжмите её над головой, возвращаясь в стойку контролируемо. Работайте поочерёдно, удерживая корпус стабильным.",всё тело,4.2,Thruster — unilateral on machine,Продвинутый,Ранний пресс до выпрямления ног; дуга грифа; колени заваливаются; отсутствует контроль темпа.
Жим Арнольда с паузой вверху,12,0,10,5,120,"Сидя, начните с гантелями у груди ладонями к себе; вращая кисти, выжмите вверх до полного разгибания и опустите обратно. Фиксация 1 сек в пик-сокращении.",плечи,4.1,Arnold press — with top pause,Средний,Сваливание локтей; сведение с ударом; излишний прогиб; отсутствует контроль темпа.
Фермерская прогулка с паузой вверху,16,30,0,4,180,"Возьмите тяжёлые гантели, корпус высокий; идите ровно короткими шагами, удерживая кор и нейтральную спину. Фиксация 1 сек в пик-сокращении.",хват/кор/трапеции,3.5,Farmer's walk — with top pause,Средний,Сутулость; переваливание корпуса; стук снарядов о ноги; задержка дыхания; отсутствует контроль темпа.
Кикбэк на трицепс с гантелью с паузой вверху,6,0,12,5,120,"Наклоните корпус, локоть прижмите и поднимите вверх; разгибайте руку назад до полного сокращения трицепса, возвращайте плавно. Фиксация 1 сек в пик-сокращении.",трицепс,4.6,Dumbbell triceps kickback — with top pause,Средний,Движение плечом; локоть опускается; чрезмерный вес; отсутствует контроль темпа.
Кикбэк на трицепс с опорой на скамью с паузой вверху,10,0,12,4,150,Опирайтесь на скамью свободной рукой; из положения наклона разгибайте руку с гантелью назад до полного выпрямления. Фиксация 1 сек в пик-сокращении.,трицепс,4.3,Bench-supported dumbbell triceps kickback — with top pause,Средний,Округление спины; локоть «уезжает»; махи; отсутствует контроль темпа.
Кикбэк на трицепс в наклоне (поочерёдно) с паузой вверху,4,0,10,3,180,"В наклоне разгибайте поочерёдно каждую руку назад, фиксируя локоть и избегая раскачки корпуса. Фиксация 1 сек в пик-сокращении.",трицепс,4.2,Alternating dumbbell triceps kickback — with top pause,Средний,Раскачка корпусом; опускание локтя; неполная амплитуда; отсутствует контроль темпа.
Жим штанги лёжа с остановкой на 1/2,60,0,10,4,180,"Лягте на скамью, лопатки сведены, стопы упираются; опустите штангу к нижней груди и выжмите вверх, не теряя напряжение. Короткая остановка в середине амплитуды для контроля.",грудь/плечи/трицепс,3.8,Barbell bench press — halfway pause,Продвинутый,Развод локтей; отрыв стоп; отскок от груди; гиперпрогиб в пояснице; неполная пауза; отсутствует контроль темпа.
Жим гантелей на наклонной скамье лягушкой (локти вперед),12,0,10,3,90,"Лягте на наклон 30–45°, гантели у груди; выжмите по дуге вверх и сведите без удара, опускайте контролируемо. Ведите локти вперёд для лучшего сокращения.",верхняя грудь/плечи,4.4,Incline dumbbell press — elbows-forward,Средний,Сведение с ударом; провал плеч; опускание слишком низко; потеря контроля лопаток; отсутствует контроль темпа.
Разводка гантелей лёжа лягушкой (локти вперед),12,0,15,3,120,"Лягте на скамью, лёгкий сгиб в локтях; разводите руки по широкой дуге до растяжения груди и сводите обратно. Ведите локти вперёд для лучшего сокращения.",грудь,4.3,Dumbbell flye — elbows-forward,Средний,Слишком прямые руки; рывки; чрезмерный вес; превращение движения в жим; отсутствует контроль темпа.
Тяга штанги в наклоне с остановкой на 1/2,40,0,12,3,180,"Станьте в наклон 30–45°, спина нейтральна; тяните штангу к нижней части живота, сводя лопатки, опускайте без рывков. Короткая остановка в середине амплитуды для контроля.",спина/задняя дельта,4.5,Bent-over barbell row — halfway pause,Продвинутый,Круглая спина; подрыв корпусом; траектория слишком высоко; отсутствие паузы; отсутствует контроль темпа.
Становая тяга с остановкой на 1/2,20,0,15,3,60,"Стопы на ширине таза, гриф над серединой стопы; держите спину нейтральной, поднимайте штангу, разгибая колени и бёдра одновременно. Короткая остановка в середине амплитуды для контроля.",задняя цепь/спина/ягодицы,4.7,Deadlift — halfway pause,Продвинутый,Округление поясницы; гриф далеко от тела; рывок с пола; перезалом вверху; отсутствует контроль темпа.
Румынская тяга с остановкой на 1/2,20,0,15,4,90,"Штанга в руках, колени мягкие; отведите таз назад, опуская штангу вдоль бёдер до натяжения задней поверхности, затем вернитесь. Короткая остановка в середине амплитуды для контроля.",бёдра/ягодицы,3.7,Romanian deadlift — halfway pause,Продвинутый,Сильный сгиб коленей; гриф далеко от ног; гиперпрогиб; короткая амплитуда; отсутствует контроль темпа.
Приседания со штангой с остановкой на 1/2,70,0,15,5,60,"Стойка на ширине плеч, корпус напряжён; присядьте до параллели, колени по траектории носков, встаньте, сохраняя нейтральную спину. Короткая остановка в середине амплитуды для контроля.",квадрицепсы/ягодицы/кор,4.4,Back squat — halfway pause,Продвинутый,Колени заваливаются; пятки отрываются; округление спины; непостоянная глубина; отсутствует контроль темпа.
Выпады лягушкой (локти вперед),10,0,6,5,150,"Сделайте широкий шаг вперёд; опуститесь до прямого угла в колене передней ноги, толкнитесь пяткой и вернитесь. Ведите локти вперёд для лучшего сокращения.",ягодицы/квадрицепсы,4.9,Lunge — elbows-forward,Средний,Колено заваливается; шаг слишком короткий; чрезмерный наклон корпуса; толчок носком; отсутствует контроль темпа.
Жим штанги стоя с остановкой на 1/2,30,0,15,5,120,"Стойка на ширине плеч, корпус напряжён; выжмите штангу над головой по прямой и опустите под контроль. Короткая остановка в середине амплитуды для контроля.",плечи/трицепс,4.4,Overhead press — halfway pause,Продвинутый,Гиперпрогиб поясницы; дуга траектории; локти назад; задержка дыхания; отсутствует контроль темпа.
Жим гантелей сидя лягушкой (локти вперед),12,0,8,3,90,"Сядьте, лопатки сведены; выжимайте гантели вверх по дуге и опускайте до уровня ушей. Ведите локти вперёд для лучшего сокращения.",плечи,4.6,Seated dumbbell shoulder press — elbows-forward,Средний,Сведение с ударом; отрыв поясницы; опускание слишком низко; отсутствует контроль темпа.
Махи гантелями в стороны лягушкой (локти вперед),10,0,6,4,120,"Встаньте прямо, лёгкий наклон корпуса; поднимайте гантели в стороны до уровня плеч, ведите локтем, опускайте медленно. Ведите локти вперёд для лучшего сокращения.",средняя дельта,3.8,Dumbbell lateral raise — elbows-forward,Средний,Читинг корпусом; чрезмерные веса; внутренний поворот плеча; отсутствует контроль темпа.
Тяга к подбородку с остановкой на 1/2,70,0,15,5,90,"Возьмитесь узким хватом; тяните штангу вдоль корпуса до верхней груди/ключиц, локти выше грифа, опускайте плавно. Короткая остановка в середине амплитуды для контроля.",плечи/трапеции,5.0,Upright row — halfway pause,Продвинутый,Слишком узкий хват; подъём слишком высоко; излом запястий; отсутствует контроль темпа.
Шраги лягушкой (локти вперед),16,0,15,4,90,"Держите гантели по бокам; поднимайте плечи вверх к ушам, делая короткую паузу, опускайте полностью. Ведите локти вперёд для лучшего сокращения.",трапеции,4.3,Shrug — elbows-forward,Средний,Вращение плечами; короткая амплитуда; чрезмерный вес с читингом; отсутствует контроль темпа.
Подъём на бицепс со штангой с остановкой на 1/2,70,0,12,3,120,"Стойка стабильна, локти у корпуса; сгибайте руки, не раскачивая корпус, опускайте под контролем. Короткая остановка в середине амплитуды для контроля.",бицепс,5.0,Barbell biceps curl — halfway pause,Продвинутый,Раскачка корпусом; локти уходят вперёд; частичная амплитуда; отсутствует контроль темпа.
Подъём на бицепс молот лягушкой (локти вперед),8,0,12,5,120,"Хват нейтральный, локти у корпуса; поднимайте гантели, сохраняя предплечья в нейтрали, опускайте медленно. Ведите локти вперёд для лучшего сокращения.",бицепс/предплечья,3.7,Hammer curl — elbows-forward,Средний,Локти отходят; махи; неконтролируемая эксцентрика; отсутствует контроль темпа.
Концентрированный подъём на бицепс лягушкой (локти вперед),4,0,10,3,120,"Сядьте, упёрев локоть в бедро; поднимайте гантель к плечу, делая паузу вверху, опускайте контролируемо. Ведите локти вперёд для лучшего сокращения.",бицепс,4.0,Concentration curl — elbows-forward,Средний,Движение плечом; потеря фиксации локтя; скручивание корпуса; отсутствует контроль темпа.
Французский жим с остановкой на 1/2,30,0,6,5,120,"Лягте на скамью, штанга над грудью; сгибайте руки, опуская гриф к лбу/за голову, разогните до полного сокращения трицепса. Короткая остановка в середине амплитуды для контроля.",трицепс,3.9,Lying triceps extension — halfway pause,Продвинутый,Локти расходятся; опускание на лоб; гиперпрогиб в пояснице; отсутствует контроль темпа.
Тяга гантели в наклоне лягушкой (локти вперед),8,0,10,3,120,"Упритесь коленом и рукой в скамью; тяните гантель к тазу, сводя лопатки, опускайте без рывка. Ведите локти вперёд для лучшего сокращения.",широчайшие/средняя спина,4.3,Dumbbell row — elbows-forward,Средний,Скручивание корпуса; рывки; тяга к плечу вместо к тазу; отсутствует контроль темпа.
Хип-траст с остановкой на 1/2,30,0,6,4,90,"Плечи на скамье, штанга на тазе; поднимайте таз до линии корпус–бёдра, делая паузу вверху, опускайте. Короткая остановка в середине амплитуды для контроля.",ягодицы,4.0,Hip thrust — halfway pause,Продвинутый,Чрезмерный прогиб; короткая пауза; неверная постановка стоп; отсутствует контроль темпа.
Трастеры с остановкой на 1/2,20,30,0,5,120,"Присядьте со штангой на груди и взрывно выжмите её над головой, возвращаясь в стойку контролируемо. Короткая остановка в середине амплитуды для контроля.",всё тело,4.7,Thruster — halfway pause,Продвинутый,Ранний пресс до выпрямления ног; дуга грифа; колени заваливаются; отсутствует контроль темпа.
Жим Арнольда лягушкой (локти вперед),20,0,12,3,150,"Сидя, начните с гантелями у груди ладонями к себе; вращая кисти, выжмите вверх до полного разгибания и опустите обратно. Ведите локти вперёд для лучшего сокращения.",плечи,3.7,Arnold press — elbows-forward,Средний,Сваливание локтей; сведение с ударом; излишний прогиб; отсутствует контроль темпа.
Фермерская прогулка лягушкой (локти вперед),20,40,0,5,60,"Возьмите тяжёлые гантели, корпус высокий; идите ровно короткими шагами, удерживая кор и нейтральную спину. Ведите локти вперёд для лучшего сокращения.",хват/кор/трапеции,3.5,Farmer's walk — elbows-forward,Средний,Сутулость; переваливание корпуса; стук снарядов о ноги; задержка дыхания; отсутствует контроль темпа.
Кикбэк на трицепс с гантелью лягушкой (локти вперед),10,0,10,3,90,"Наклоните корпус, локоть прижмите и поднимите вверх; разгибайте руку назад до полного сокращения трицепса, возвращайте плавно. Ведите локти вперёд для лучшего сокращения.",трицепс,4.5,Dumbbell triceps kickback — elbows-forward,Средний,Движение плечом; локоть опускается; чрезмерный вес; отсутствует контроль темпа.
Кикбэк на трицепс с опорой на скамью лягушкой (локти вперед),6,0,6,5,90,Опирайтесь на скамью свободной рукой; из положения наклона разгибайте руку с гантелью назад до полного выпрямления. Ведите локти вперёд для лучшего сокращения.,трицепс,4.5,Bench-supported dumbbell triceps kickback — elbows-forward,Средний,Округление спины; локоть «уезжает»; махи; отсутствует контроль темпа.
Кикбэк на трицепс в наклоне (поочерёдно) лягушкой (локти вперед),12,0,6,3,90,"В наклоне разгибайте поочерёдно каждую руку назад, фиксируя локоть и избегая раскачки корпуса. Ведите локти вперёд для лучшего сокращения.",трицепс,4.5,Alternating dumbbell triceps kickback — elbows-forward,Средний,Раскачка корпусом; опускание локтя; неполная амплитуда; отсутствует контроль темпа.
Жим штанги лёжа узким хватом поочерёдно,4,0,15,3,180,"Лягте на скамью, лопатки сведены, стопы упираются; опустите штангу к нижней груди и выжмите вверх, не теряя напряжение. Держите локти ближе к корпусу и контролируйте траекторию. Выполняйте руками поочерёдно, удерживая корпус стабильным.",грудь/плечи/трицепс,3.5,Barbell bench press — close-grip — alternating,Средний,Развод локтей; отрыв стоп; отскок от груди; гиперпрогиб в пояснице; неполная пауза; отсутствует контроль темпа; отсутствует контроль темпа.
Жим гантелей на наклонной скамье поочерёдно поочерёдно,12,0,8,5,120,"Лягте на наклон 30–45°, гантели у груди; выжмите по дуге вверх и сведите без удара, опускайте контролируемо. Выполняйте руками поочерёдно, удерживая корпус стабильным. Выполняйте руками поочерёдно, удерживая корпус стабильным.",верхняя грудь/плечи,3.7,Incline dumbbell press — alternating — alternating,Средний,Сведение с ударом; провал плеч; опускание слишком низко; потеря контроля лопаток; отсутствует контроль темпа; отсутствует контроль темпа.
Разводка гантелей лёжа поочерёдно поочерёдно,8,0,8,5,120,"Лягте на скамью, лёгкий сгиб в локтях; разводите руки по широкой дуге до растяжения груди и сводите обратно. Выполняйте руками поочерёдно, удерживая корпус стабильным. Выполняйте руками поочерёдно, удерживая корпус стабильным.",грудь,4.2,Dumbbell flye — alternating — alternating,Новичок,Слишком прямые руки; рывки; чрезмерный вес; превращение движения в жим; отсутствует контроль темпа; отсутствует контроль темпа.
Сведение рук в кроссовере на верхнем блоке поочерёдно,16,0,6,3,90,"Встаньте между блоками, корпус слегка наклонён; сводите рукояти по дуге перед грудью, контролируя растяжение и сокращение. Держите корпус неподвижным, тяните лопатками. Выполняйте руками поочерёдно, удерживая корпус стабильным.",грудь,3.9,Cable crossover — high pulley — alternating,Новичок,Скручивание корпуса; рывки; сведение за счёт плеч; неверная высота траектории; отсутствует контроль темпа; отсутствует контроль темпа.
Подтягивания с отягощением поочерёдно,20,0,15,5,120,"Возьмитесь за перекладину пронированным хватом, корпус стабилен; тянитесь грудью к перекладине, опускайтесь до полного выпрямления рук. Добавьте пояс/жилет с весом, сохраняйте технику. Выполняйте руками поочерёдно, удерживая корпус стабильным.",спина/бицепс,3.6,Pull-up — weighted — alternating,Средний,Недоразгибание локтей; раскачка; подбородок не выше перекладины; не сводите лопатки; отсутствует контроль темпа; отсутствует контроль темпа.
Тяга верхнего блока на верхнем блоке поочерёдно,6,0,10,5,150,"Возьмитесь широким хватом, грудь вперёд; тяните рукоять к верхней груди, сводя лопатки, поднимайте руки контролируемо. Держите корпус неподвижным, тяните лопатками. Выполняйте руками поочерёдно, удерживая корпус стабильным.",широчайшие/бицепс,3.8,Lat pulldown — high pulley — alternating,Новичок,Тяга за голову; чрезмерный прогиб; работа руками вместо спины; отбивание веса; отсутствует контроль темпа; отсутствует контроль темпа.
Тяга штанги в наклоне узким хватом поочерёдно,4,0,10,3,60,"Станьте в наклон 30–45°, спина нейтральна; тяните штангу к нижней части живота, сводя лопатки, опускайте без рывков. Держите локти ближе к корпусу и контролируйте траекторию. Выполняйте руками поочерёдно, удерживая корпус стабильным.",спина/задняя дельта,4.1,Bent-over barbell row — close-grip — alternating,Средний,Круглая спина; подрыв корпусом; траектория слишком высоко; отсутствие паузы; отсутствует контроль темпа; отсутствует контроль темпа.
Гребля на тренажёре с паузой у груди/внизу поочерёдно,8,45,0,4,150,"Сядьте, стопы закреплены, спина нейтральна; толчок ногами, затем тяга к солнечному сплетению, верните в обратной последовательности. Короткая пауза у ограничителя, не отбивайте вес. Выполняйте руками поочерёдно, удерживая корпус стабильным.",спина/кардио,4.5,Rowing machine — with bottom pause — alternating,Средний,Тянуть одними руками; ранний подсрыв корпусом; провал колен внутрь; сгибание запястий; отсутствует контроль темпа; отсутствует контроль темпа.
Становая тяга узким хватом поочерёдно,4,0,8,4,120,"Стопы на ширине таза, гриф над серединой стопы; держите спину нейтральной, поднимайте штангу, разгибая колени и бёдра одновременно. Держите локти ближе к корпусу и контролируйте траекторию. Выполняйте руками поочерёдно, удерживая корпус стабильным.",задняя цепь/спина/ягодицы,4.6,Deadlift — close-grip — alternating,Продвинутый,Округление поясницы; гриф далеко от тела; рывок с пола; перезалом вверху; отсутствует контроль темпа; отсутствует контроль темпа.
Румынская тяга узким хватом поочерёдно,8,0,15,4,120,"Штанга в руках, колени мягкие; отведите таз назад, опуская штангу вдоль бёдер до натяжения задней поверхности, затем вернитесь. Держите локти ближе к корпусу и контролируйте траекторию. Выполняйте руками поочерёдно, удерживая корпус стабильным.",бёдра/ягодицы,3.5,Romanian deadlift — close-grip — alternating,Средний,Сильный сгиб коленей; гриф далеко от ног; гиперпрогиб; короткая амплитуда; отсутствует контроль темпа; отсутствует контроль темпа.
Приседания со штангой узким хватом поочерёдно,6,0,8,4,150,"Стойка на ширине плеч, корпус напряжён; присядьте до параллели, колени по траектории носков, встаньте, сохраняя нейтральную спину. Держите локти ближе к корпусу и контролируйте траекторию. Выполняйте руками поочерёдно, удерживая корпус стабильным.",квадрицепсы/ягодицы/кор,4.9,Back squat — close-grip — alternating,Средний,Колени заваливаются; пятки отрываются; округление спины; непостоянная глубина; отсутствует контроль темпа; отсутствует контроль темпа.
Жим ногами с паузой у груди/внизу поочерёдно,6,0,12,4,120,"Стопы на платформе, поясница прижата; опускайте платформу до угла 90° в коленях и выжимайте, не выпрямляя колени в «замок». Короткая пауза у ограничителя, не отбивайте вес. Выполняйте руками поочерёдно, удерживая корпус стабильным.",квадрицепсы/ягодицы,4.0,Leg press — with bottom pause — alternating,Средний,Сведение колен; отрыв поясницы; замок в коленях; слишком узкая постановка; отсутствует контроль темпа; отсутствует контроль темпа.
Выпады поочерёдно поочерёдно,20,0,15,4,90,"Сделайте широкий шаг вперёд; опуститесь до прямого угла в колене передней ноги, толкнитесь пяткой и вернитесь. Выполняйте руками поочерёдно, удерживая корпус стабильным. Выполняйте руками поочерёдно, удерживая корпус стабильным.",ягодицы/квадрицепсы,4.5,Lunge — alternating — alternating,Новичок,Колено заваливается; шаг слишком короткий; чрезмерный наклон корпуса; толчок носком; отсутствует контроль темпа; отсутствует контроль темпа.
Гакк-присед с паузой у груди/внизу поочерёдно,12,0,12,3,60,"Спина прижата к спинке, стопы чуть впереди; присядьте до параллели и выжмите, держа колени в линии носков. Короткая пауза у ограничителя, не отбивайте вес. Выполняйте руками поочерёдно, удерживая корпус стабильным.",квадрицепсы,4.1,Hack squat — with bottom pause — alternating,Средний,Отрыв пяток; колени слишком вперёд; прогиб поясницы; короткая амплитуда; отсутствует контроль темпа; отсутствует контроль темпа.
Сгибания ног лёжа с паузой у груди/внизу поочерёдно,6,0,12,5,90,"Лягте лицом вниз, валики над пятками; сгибайте колени до полного сокращения бицепса бедра и опускайте контролируемо. Короткая пауза у ограничителя, не отбивайте вес. Выполняйте руками поочерёдно, удерживая корпус стабильным.",бицепс бедра,4.0,Lying leg curl — with bottom pause — alternating,Средний,Отрыв таза; рывки; движение тазом; отсутствие паузы; отсутствует контроль темпа; отсутствует контроль темпа.
Разгибания ног с паузой у груди/внизу поочерёдно,4,0,15,3,120,"Сядьте, валик над голенями; разгибайте колени до верхней точки без рывка, опускайте с контролем. Короткая пауза у ограничителя, не отбивайте вес. Выполняйте руками поочерёдно, удерживая корпус стабильным.",квадрицепсы,4.6,Leg extension — with bottom pause — alternating,Средний,Рывки; чрезмерный вес; разведение колен; болтающиеся стопы; отсутствует контроль темпа; отсутствует контроль темпа.
Подъёмы на носки с паузой у груди/внизу поочерёдно,16,0,12,5,180,"Встаньте носками на платформу; поднимайтесь на носки, делая паузу вверху, опускайтесь до растяжения икр. Короткая пауза у ограничителя, не отбивайте вес. Выполняйте руками поочерёдно, удерживая корпус стабильным.",икры,4.0,Calf raise — with bottom pause — alternating,Средний,Короткая амплитуда; пружинение; согнутые колени; разворот носков без контроля; отсутствует контроль темпа; отсутствует контроль темпа.
Жим штанги стоя узким хватом поочерёдно,4,0,8,5,150,"Стойка на ширине плеч, корпус напряжён; выжмите штангу над головой по прямой и опустите под контроль. Держите локти ближе к корпусу и контролируйте траекторию. Выполняйте руками поочерёдно, удерживая корпус стабильным.",плечи/трицепс,4.8,Overhead press — close-grip — alternating,Средний,Гиперпрогиб поясницы; дуга траектории; локти назад; задержка дыхания; отсутствует контроль темпа; отсутствует контроль темпа.
Жим гантелей сидя поочерёдно поочерёдно,8,0,6,5,90,"Сядьте, лопатки сведены; выжимайте гантели вверх по дуге и опускайте до уровня ушей. Выполняйте руками поочерёдно, удерживая корпус стабильным. Выполняйте руками поочерёдно, удерживая корпус стабильным.",плечи,4.8,Seated dumbbell shoulder press — alternating — alternating,Средний,Сведение с ударом; отрыв поясницы; опускание слишком низко; отсутствует контроль темпа; отсутствует контроль темпа.
Махи гантелями в стороны поочерёдно поочерёдно,16,0,8,5,60,"Встаньте прямо, лёгкий наклон корпуса; поднимайте гантели в стороны до уровня плеч, ведите локтем, опускайте медленно. Выполняйте руками поочерёдно, удерживая корпус стабильным. Выполняйте руками поочерёдно, удерживая корпус стабильным.",средняя дельта,4.0,Dumbbell lateral raise — alternating — alternating,Новичок,Читинг корпусом; чрезмерные веса; внутренний поворот плеча; отсутствует контроль темпа; отсутствует контроль темпа.
Тяга к подбородку узким хватом поочерёдно,4,0,10,3,150,"Возьмитесь узким хватом; тяните штангу вдоль корпуса до верхней груди/ключиц, локти выше грифа, опускайте плавно. Держите локти ближе к корпусу и контролируйте траекторию. Выполняйте руками поочерёдно, удерживая корпус стабильным.",плечи/трапеции,4.8,Upright row — close-grip — alternating,Средний,Слишком узкий хват; подъём слишком высоко; излом запястий; отсутствует контроль темпа; отсутствует контроль темпа.
Шраги поочерёдно поочерёдно,12,0,8,4,180,"Держите гантели по бокам; поднимайте плечи вверх к ушам, делая короткую паузу, опускайте полностью. Выполняйте руками поочерёдно, удерживая корпус стабильным. Выполняйте руками поочерёдно, удерживая корпус стабильным.",трапеции,3.8,Shrug — alternating — alternating,Новичок,Вращение плечами; короткая амплитуда; чрезмерный вес с читингом; отсутствует контроль темпа; отсутствует контроль темпа.
Подъём на бицепс со штангой узким хватом поочерёдно,12,0,12,4,90,"Стойка стабильна, локти у корпуса; сгибайте руки, не раскачивая корпус, опускайте под контролем. Держите локти ближе к корпусу и контролируйте траекторию. Выполняйте руками поочерёдно, удерживая корпус стабильным.",бицепс,4.3,Barbell biceps curl — close-grip — alternating,Средний,Раскачка корпусом; локти уходят вперёд; частичная амплитуда; отсутствует контроль темпа; отсутствует контроль темпа.
Подъём на бицепс молот поочерёдно поочерёдно,16,0,12,3,180,"Хват нейтральный, локти у корпуса; поднимайте гантели, сохраняя предплечья в нейтрали, опускайте медленно. Выполняйте руками поочерёдно, удерживая корпус стабильным. Выполняйте руками поочерёдно, удерживая корпус стабильным.",бицепс/предплечья,3.5,Hammer curl — alternating — alternating,Новичок,Локти отходят; махи; неконтролируемая эксцентрика; отсутствует контроль темпа; отсутствует контроль темпа.
Концентрированный подъём на бицепс поочерёдно поочерёдно,20,0,10,3,150,"Сядьте, упёрев локоть в бедро; поднимайте гантель к плечу, делая паузу вверху, опускайте контролируемо. Выполняйте руками поочерёдно, удерживая корпус стабильным. Выполняйте руками поочерёдно, удерживая корпус стабильным.",бицепс,3.7,Concentration curl — alternating — alternating,Новичок,Движение плечом; потеря фиксации локтя; скручивание корпуса; отсутствует контроль темпа; отсутствует контроль темпа.
Французский жим узким хватом поочерёдно,16,0,8,5,120,"Лягте на скамью, штанга над грудью; сгибайте руки, опуская гриф к лбу/за голову, разогните до полного сокращения трицепса. Держите локти ближе к корпусу и контролируйте траекторию. Выполняйте руками поочерёдно, удерживая корпус стабильным.",трицепс,3.6,Lying triceps extension — close-grip — alternating,Средний,Локти расходятся; опускание на лоб; гиперпрогиб в пояснице; отсутствует контроль темпа; отсутствует контроль темпа.
Разгибания на блоке на верхнем блоке поочерёдно,8,0,10,5,60,"Встаньте у верхнего блока, локти прижаты; разгибайте руки вниз до полного выпрямления и возвращайте без раскачки. Держите корпус неподвижным, тяните лопатками. Выполняйте руками поочерёдно, удерживая корпус стабильным.",трицепс,5.0,Triceps pushdown — high pulley — alternating,Новичок,Локти уходят от корпуса; раскачка; перегиб кистей; отсутствует контроль темпа; отсутствует контроль темпа.
Отжимания на брусьях с отягощением поочерёдно,12,0,8,5,90,"Опирайтесь на брусья, корпус слегка наклонён; опускайтесь до параллели плеч с локтями, выжимайтесь вверх. Добавьте пояс/жилет с весом, сохраняйте технику. Выполняйте руками поочерёдно, удерживая корпус стабильным.",грудь/трицепс,3.9,Dip — weighted — alternating,Средний,Сильный провал в плечах; чрезмерная глубина; разброс локтей; отсутствует контроль темпа; отсутствует контроль темпа.
Отжимания с отягощением поочерёдно,12,0,15,5,90,"Упритесь ладонями под плечами, корпус прямой; опуститесь до касания грудью/90° в локтях, выжмитесь вверх. Добавьте пояс/жилет с весом, сохраняйте технику. Выполняйте руками поочерёдно, удерживая корпус стабильным.",грудь/плечи/трицепс,5.0,Push-up — weighted — alternating,Средний,Провисание корпуса; локти сильно в стороны; неполная амплитуда; отсутствует контроль темпа; отсутствует контроль темпа.
Скручивания с отягощением поочерёдно,10,0,6,4,120,"Лягте на спину, колени согнуты; подкручивайте грудную клетку к тазу, не тяните шею, делайте короткую паузу вверху. Добавьте пояс/жилет с весом, сохраняйте технику. Выполняйте руками поочерёдно, удерживая корпус стабильным.",пресс,3.5,Crunch — weighted — alternating,Средний,Тянуть шею руками; рывки; большой размах вместо подкручивания; отсутствует контроль темпа; отсутствует контроль темпа.
Подъём ног в висе с отягощением поочерёдно,12,0,15,4,180,"Повисните на перекладине; поднимайте прямые ноги/колени к груди, удерживая таз подкрученным, опускайте медленно. Добавьте пояс/жилет с весом, сохраняйте технику. Выполняйте руками поочерёдно, удерживая корпус стабильным.",нижний пресс,3.5,Hanging leg raise — weighted — alternating,Средний,Махи ногами; прогиб поясницы; отсутствие подкрутки таза; отсутствует контроль темпа; отсутствует контроль темпа.
Планка с отягощением поочерёдно,8,45,0,5,120,"Опуститесь на предплечья, корпус прямой; держите нейтральную спину и напряжённый кор, не провисайте. Добавьте пояс/жилет с весом, сохраняйте технику. Выполняйте руками поочерёдно, удерживая корпус стабильным.",кор,3.6,Plank — weighted — alternating,Средний,Провисание поясницы; поднятый таз; разведение лопаток; отсутствует контроль темпа; отсутствует контроль темпа.
Русский твист с отягощением поочерёдно,10,20,0,3,120,"Сядьте, корпус слегка отклонён; поворачивайте плечевой пояс и таз синхронно, касаясь пола по сторонам. Добавьте пояс/жилет с весом, сохраняйте технику. Выполняйте руками поочерёдно, удерживая корпус стабильным.",косые мышцы живота,4.3,Russian twist — weighted — alternating,Средний,Скругление спины; вращение одними руками; слишком быстрый темп; отсутствует контроль темпа; отсутствует контроль темпа.
Берпи с отягощением поочерёдно,20,45,0,4,120,"Из стойки сделайте упор лёжа, отожмитесь; подпрыгните вверх с руками над головой. Добавьте пояс/жилет с весом, сохраняйте технику. Выполняйте руками поочерёдно, удерживая корпус стабильным.",всё тело/кардио,4.7,Burpee — weighted — alternating,Средний,Плохая техника отжимания; колени заваливаются при прыжке; отсутствие фиксации вверху; отсутствует контроль темпа; отсутствует контроль темпа.
Скакалка с отягощением поочерёдно,10,20,0,5,150,"Держите локти близко к корпусу; вращайте верёвку кистями и приземляйтесь на носки мягко и ритмично. Добавьте пояс/жилет с весом, сохраняйте технику. Выполняйте руками поочерёдно, удерживая корпус стабильным.",кардио/икры,3.5,Jump rope — weighted — alternating,Средний,Слишком высокие прыжки; вращение плечами; жёсткая посадка на пятку; отсутствует контроль темпа; отсутствует контроль темпа.
Тяга каната к лицу на верхнем блоке поочерёдно,4,0,15,5,60,"Встаньте у блока с канатом; тяните к лицу, разводя кисти и сводя лопатки, держите локти высоко. Держите корпус неподвижным, тяните лопатками. Выполняйте руками поочерёдно, удерживая корпус стабильным.",задняя дельта/верх спины,3.9,Face pull — high pulley — alternating,Новичок,Локти низко; тянуть руками без лопаток; нет разведения кистей; отсутствует контроль темпа; отсутствует контроль темпа.
Обратные разведения в тренажёре с паузой у груди/внизу поочерёдно,8,0,6,3,180,"Сядьте лицом к тренажёру; разводите рукояти, сводя лопатки, удерживайте паузу и возвращайте контролируемо. Короткая пауза у ограничителя, не отбивайте вес. Выполняйте руками поочерёдно, удерживая корпус стабильным.",задняя дельта,4.3,Reverse pec deck — with bottom pause — alternating,Средний,Работает трапеция вместо дельт; рывки; нет паузы в пик-сокращении; отсутствует контроль темпа; отсутствует контроль темпа.
Тяга гантели в наклоне поочерёдно поочерёдно,12,0,15,3,150,"Упритесь коленом и рукой в скамью; тяните гантель к тазу, сводя лопатки, опускайте без рывка. Выполняйте руками поочерёдно, удерживая корпус стабильным. Выполняйте руками поочерёдно, удерживая корпус стабильным.",широчайшие/средняя спина,4.2,Dumbbell row — alternating — alternating,Средний,Скручивание корпуса; рывки; тяга к плечу вместо к тазу; отсутствует контроль темпа; отсутствует контроль темпа.
Хип-траст узким хватом поочерёдно,16,0,8,5,60,"Плечи на скамье, штанга на тазе; поднимайте таз до линии корпус–бёдра, делая паузу вверху, опускайте. Держите локти ближе к корпусу и контролируйте траекторию. Выполняйте руками поочерёдно, удерживая корпус стабильным.",ягодицы,3.9,Hip thrust — close-grip — alternating,Средний,Чрезмерный прогиб; короткая пауза; неверная постановка стоп; отсутствует контроль темпа; отсутствует контроль темпа.
Ягодичный мост с отягощением поочерёдно,10,0,8,3,180,"Лягте на спину, стопы ближе к тазу; поднимайте таз, сжимая ягодицы, опускайте, сохраняя нейтральную спину. Добавьте пояс/жилет с весом, сохраняйте технику. Выполняйте руками поочерёдно, удерживая корпус стабильным.",ягодицы,3.6,Glute bridge — weighted — alternating,Средний,Толчок поясницей; неполная амплитуда; колени гуляют; отсутствует контроль темпа; отсутствует контроль темпа.
Трастеры узким хватом поочерёдно,6,40,0,3,60,"Присядьте со штангой на груди и взрывно выжмите её над головой, возвращаясь в стойку контролируемо. Держите локти ближе к корпусу и контролируйте траекторию. Выполняйте руками поочерёдно, удерживая корпус стабильным.",всё тело,4.5,Thruster — close-grip — alternating,Продвинутый,Ранний пресс до выпрямления ног; дуга грифа; колени заваливаются; отсутствует контроль темпа; отсутствует контроль темпа.
Жим Арнольда поочерёдно поочерёдно,10,0,6,3,90,"Сидя, начните с гантелями у груди ладонями к себе; вращая кисти, выжмите вверх до полного разгибания и опустите обратно. Выполняйте руками поочерёдно, удерживая корпус стабильным. Выполняйте руками поочерёдно, удерживая корпус стабильным.",плечи,3.6,Arnold press — alternating — alternating,Средний,Сваливание локтей; сведение с ударом; излишний прогиб; отсутствует контроль темпа; отсутствует контроль темпа.
Фермерская прогулка поочерёдно поочерёдно,16,30,0,5,150,"Возьмите тяжёлые гантели, корпус высокий; идите ровно короткими шагами, удерживая кор и нейтральную спину. Выполняйте руками поочерёдно, удерживая корпус стабильным. Выполняйте руками поочерёдно, удерживая корпус стабильным.",хват/кор/трапеции,3.5,Farmer's walk — alternating — alternating,Средний,Сутулость; переваливание корпуса; стук снарядов о ноги; задержка дыхания; отсутствует контроль темпа; отсутствует контроль темпа.
Гиперэкстензия с паузой у груди/внизу поочерёдно,4,0,12,5,90,"Застегнитесь в римском стуле; поднимайте корпус до линии с ногами, не переразгибая, опускайте контролируемо. Короткая пауза у ограничителя, не отбивайте вес. Выполняйте руками поочерёдно, удерживая корпус стабильным.",разгибатели спины/ягодицы,3.5,Back extension — with bottom pause — alternating,Средний,Переразгибание вверху; движение за счёт спины; слишком быстрый темп; отсутствует контроль темпа; отсутствует контроль темпа.
Кикбэк на трицепс с гантелью поочерёдно поочерёдно,20,0,15,3,180,"Наклоните корпус, локоть прижмите и поднимите вверх; разгибайте руку назад до полного сокращения трицепса, возвращайте плавно. Выполняйте руками поочерёдно, удерживая корпус стабильным. Выполняйте руками поочерёдно, удерживая корпус стабильным.",трицепс,4.3,Dumbbell triceps kickback — alternating — alternating,Новичок,Движение плечом; локоть опускается; чрезмерный вес; отсутствует контроль темпа; отсутствует контроль темпа.
Кикбэк на трицепс на блоке (канате) на верхнем блоке поочерёдно,8,0,8,3,150,"Корпус в наклоне, локти фиксированы; разгибайте предплечья назад, разводя концы каната в конце амплитуды. Держите корпус неподвижным, тяните лопатками. Выполняйте руками поочерёдно, удерживая корпус стабильным.",трицепс,4.4,Cable triceps kickback (rope) — high pulley — alternating,Новичок,Разведение локтей; движение корпусом; излом запястий; отсутствует контроль темпа; отсутствует контроль темпа.
Кикбэк на трицепс с опорой на скамью поочерёдно поочерёдно,20,0,8,4,120,"Опирайтесь на скамью свободной рукой; из положения наклона разгибайте руку с гантелью назад до полного выпрямления. Выполняйте руками поочерёдно, удерживая корпус стабильным. Выполняйте руками поочерёдно, удерживая корпус стабильным.",трицепс,4.1,Bench-supported dumbbell triceps kickback — alternating — alternating,Новичок,Округление спины; локоть «уезжает»; махи; отсутствует контроль темпа; отсутствует контроль темпа.
Кикбэк на трицепс в наклоне (поочерёдно) поочерёдно поочерёдно,8,0,15,4,120,"В наклоне разгибайте поочерёдно каждую руку назад, фиксируя локоть и избегая раскачки корпуса. Выполняйте руками поочерёдно, удерживая корпус стабильным. Выполняйте руками поочерёдно, удерживая корпус стабильным.",трицепс,4.5,Alternating dumbbell triceps kickback — alternating — alternating,Новичок,Раскачка корпусом; опускание локтя; неполная амплитуда; отсутствует контроль темпа; отсутствует контроль темпа.
Жим штанги лёжа широким хватом поочерёдно,6,0,8,3,60,"Лягте на скамью, лопатки сведены, стопы упираются; опустите штангу к нижней груди и выжмите вверх, не теряя напряжение. Сохраняйте запястья ровными и ведите локти по линии движения. Выполняйте руками поочерёдно, удерживая корпус стабильным.",грудь/плечи/трицепс,3.6,Barbell bench press — wide-grip — alternating,Средний,Развод локтей; отрыв стоп; отскок от груди; гиперпрогиб в пояснице; неполная пауза; отсутствует контроль темпа; отсутствует контроль темпа.
Жим гантелей на наклонной скамье сидя поочерёдно,20,0,6,4,90,"Лягте на наклон 30–45°, гантели у груди; выжмите по дуге вверх и сведите без удара, опускайте контролируемо. Сядьте и стабилизируйте корпус, не прогибайтесь. Выполняйте руками поочерёдно, удерживая корпус стабильным.",верхняя грудь/плечи,4.5,Incline dumbbell press — seated — alternating,Средний,Сведение с ударом; провал плеч; опускание слишком низко; потеря контроля лопаток; отсутствует контроль темпа; отсутствует контроль темпа.
Разводка гантелей лёжа сидя поочерёдно,4,0,15,4,60,"Лягте на скамью, лёгкий сгиб в локтях; разводите руки по широкой дуге до растяжения груди и сводите обратно. Сядьте и стабилизируйте корпус, не прогибайтесь. Выполняйте руками поочерёдно, удерживая корпус стабильным.",грудь,4.1,Dumbbell flye — seated — alternating,Новичок,Слишком прямые руки; рывки; чрезмерный вес; превращение движения в жим; отсутствует контроль темпа; отсутствует контроль темпа.
Сведение рук в кроссовере на нижнем блоке поочерёдно,16,0,15,3,60,"Встаньте между блоками, корпус слегка наклонён; сводите рукояти по дуге перед грудью, контролируя растяжение и сокращение. Фиксируйте корпус и не раскачивайтесь. Выполняйте руками поочерёдно, удерживая корпус стабильным.",грудь,4.3,Cable crossover — low pulley — alternating,Новичок,Скручивание корпуса; рывки; сведение за счёт плеч; неверная высота траектории; отсутствует контроль темпа; отсутствует контроль темпа.
Подтягивания на одной руке/ноге поочерёдно,16,0,15,4,90,"Возьмитесь за перекладину пронированным хватом, корпус стабилен; тянитесь грудью к перекладине, опускайтесь до полного выпрямления рук. Усложните вариант, удерживая корпус стабильно. Выполняйте руками поочерёдно, удерживая корпус стабильным.",спина/бицепс,3.9,Pull-up — single-arm/leg — alternating,Продвинутый,Недоразгибание локтей; раскачка; подбородок не выше перекладины; не сводите лопатки; отсутствует контроль темпа; отсутствует контроль темпа.
Тяга верхнего блока на нижнем блоке поочерёдно,4,0,12,4,120,"Возьмитесь широким хватом, грудь вперёд; тяните рукоять к верхней груди, сводя лопатки, поднимайте руки контролируемо. Фиксируйте корпус и не раскачивайтесь. Выполняйте руками поочерёдно, удерживая корпус стабильным.",широчайшие/бицепс,3.9,Lat pulldown — low pulley — alternating,Новичок,Тяга за голову; чрезмерный прогиб; работа руками вместо спины; отбивание веса; отсутствует контроль темпа; отсутствует контроль темпа.
Тяга штанги в наклоне широким хватом поочерёдно,20,0,12,3,60,"Станьте в наклон 30–45°, спина нейтральна; тяните штангу к нижней части живота, сводя лопатки, опускайте без рывков. Сохраняйте запястья ровными и ведите локти по линии движения. Выполняйте руками поочерёдно, удерживая корпус стабильным.",спина/задняя дельта,4.7,Bent-over barbell row — wide-grip — alternating,Средний,Круглая спина; подрыв корпусом; траектория слишком высоко; отсутствие паузы; отсутствует контроль темпа; отсутствует контроль темпа.
Гребля на тренажёре одной ногой/рукой поочерёдно,10,40,0,4,60,"Сядьте, стопы закреплены, спина нейтральна; толчок ногами, затем тяга к солнечному сплетению, верните в обратной последовательности. Работайте поочерёдно, соблюдая симметрию. Выполняйте руками поочерёдно, удерживая корпус стабильным.",спина/кардио,5.0,Rowing machine — single-leg/arm — alternating,Средний,Тянуть одними руками; ранний подсрыв корпусом; провал колен внутрь; сгибание запястий; отсутствует контроль темпа; отсутствует контроль темпа.
Становая тяга широким хватом поочерёдно,6,0,6,5,180,"Стопы на ширине таза, гриф над серединой стопы; держите спину нейтральной, поднимайте штангу, разгибая колени и бёдра одновременно. Сохраняйте запястья ровными и ведите локти по линии движения. Выполняйте руками поочерёдно, удерживая корпус стабильным.",задняя цепь/спина/ягодицы,4.6,Deadlift — wide-grip — alternating,Продвинутый,Округление поясницы; гриф далеко от тела; рывок с пола; перезалом вверху; отсутствует контроль темпа; отсутствует контроль темпа.
Румынская тяга широким хватом поочерёдно,4,0,8,4,150,"Штанга в руках, колени мягкие; отведите таз назад, опуская штангу вдоль бёдер до натяжения задней поверхности, затем вернитесь. Сохраняйте запястья ровными и ведите локти по линии движения. Выполняйте руками поочерёдно, удерживая корпус стабильным.",бёдра/ягодицы,4.0,Romanian deadlift — wide-grip — alternating,Средний,Сильный сгиб коленей; гриф далеко от ног; гиперпрогиб; короткая амплитуда; отсутствует контроль темпа; отсутствует контроль темпа.
Приседания со штангой широким хватом поочерёдно,4,0,10,4,90,"Стойка на ширине плеч, корпус напряжён; присядьте до параллели, колени по траектории носков, встаньте, сохраняя нейтральную спину. Сохраняйте запястья ровными и ведите локти по линии движения. Выполняйте руками поочерёдно, удерживая корпус стабильным.",квадрицепсы/ягодицы/кор,4.4,Back squat — wide-grip — alternating,Средний,Колени заваливаются; пятки отрываются; округление спины; непостоянная глубина; отсутствует контроль темпа; отсутствует контроль темпа.
Жим ногами одной ногой/рукой поочерёдно,16,0,8,5,90,"Стопы на платформе, поясница прижата; опускайте платформу до угла 90° в коленях и выжимайте, не выпрямляя колени в «замок». Работайте поочерёдно, соблюдая симметрию. Выполняйте руками поочерёдно, удерживая корпус стабильным.",квадрицепсы/ягодицы,3.5,Leg press — single-leg/arm — alternating,Средний,Сведение колен; отрыв поясницы; замок в коленях; слишком узкая постановка; отсутствует контроль темпа; отсутствует контроль темпа.
Выпады сидя поочерёдно,20,0,6,5,150,"Сделайте широкий шаг вперёд; опуститесь до прямого угла в колене передней ноги, толкнитесь пяткой и вернитесь. Сядьте и стабилизируйте корпус, не прогибайтесь. Выполняйте руками поочерёдно, удерживая корпус стабильным.",ягодицы/квадрицепсы,4.7,Lunge — seated — alternating,Новичок,Колено заваливается; шаг слишком короткий; чрезмерный наклон корпуса; толчок носком; отсутствует контроль темпа; отсутствует контроль темпа.
Гакк-присед одной ногой/рукой поочерёдно,20,0,12,5,90,"Спина прижата к спинке, стопы чуть впереди; присядьте до параллели и выжмите, держа колени в линии носков. Работайте поочерёдно, соблюдая симметрию. Выполняйте руками поочерёдно, удерживая корпус стабильным.",квадрицепсы,3.5,Hack squat — single-leg/arm — alternating,Средний,Отрыв пяток; колени слишком вперёд; прогиб поясницы; короткая амплитуда; отсутствует контроль темпа; отсутствует контроль темпа.
Сгибания ног лёжа одной ногой/рукой поочерёдно,20,0,12,3,150,"Лягте лицом вниз, валики над пятками; сгибайте колени до полного сокращения бицепса бедра и опускайте контролируемо. Работайте поочерёдно, соблюдая симметрию. Выполняйте руками поочерёдно, удерживая корпус стабильным.",бицепс бедра,4.2,Lying leg curl — single-leg/arm — alternating,Средний,Отрыв таза; рывки; движение тазом; отсутствие паузы; отсутствует контроль темпа; отсутствует контроль темпа.
Разгибания ног одной ногой/рукой поочерёдно,4,0,12,4,120,"Сядьте, валик над голенями; разгибайте колени до верхней точки без рывка, опускайте с контролем. Работайте поочерёдно, соблюдая симметрию. Выполняйте руками поочерёдно, удерживая корпус стабильным.",квадрицепсы,4.8,Leg extension — single-leg/arm — alternating,Средний,Рывки; чрезмерный вес; разведение колен; болтающиеся стопы; отсутствует контроль темпа; отсутствует контроль темпа.
Подъёмы на носки одной ногой/рукой поочерёдно,20,0,12,3,180,"Встаньте носками на платформу; поднимайтесь на носки, делая паузу вверху, опускайтесь до растяжения икр. Работайте поочерёдно, соблюдая симметрию. Выполняйте руками поочерёдно, удерживая корпус стабильным.",икры,4.2,Calf raise — single-leg/arm — alternating,Средний,Короткая амплитуда; пружинение; согнутые колени; разворот носков без контроля; отсутствует контроль темпа; отсутствует контроль темпа.
Жим штанги стоя широким хватом поочерёдно,12,0,12,4,60,"Стойка на ширине плеч, корпус напряжён; выжмите штангу над головой по прямой и опустите под контроль. Сохраняйте запястья ровными и ведите локти по линии движения. Выполняйте руками поочерёдно, удерживая корпус стабильным.",плечи/трицепс,4.8,Overhead press — wide-grip — alternating,Средний,Гиперпрогиб поясницы; дуга траектории; локти назад; задержка дыхания; отсутствует контроль темпа; отсутствует контроль темпа.
Жим гантелей сидя сидя поочерёдно,16,0,15,5,150,"Сядьте, лопатки сведены; выжимайте гантели вверх по дуге и опускайте до уровня ушей. Сядьте и стабилизируйте корпус, не прогибайтесь. Выполняйте руками поочерёдно, удерживая корпус стабильным.",плечи,4.2,Seated dumbbell shoulder press — seated — alternating,Средний,Сведение с ударом; отрыв поясницы; опускание слишком низко; отсутствует контроль темпа; отсутствует контроль темпа.
Махи гантелями в стороны сидя поочерёдно,16,0,15,3,180,"Встаньте прямо, лёгкий наклон корпуса; поднимайте гантели в стороны до уровня плеч, ведите локтем, опускайте медленно. Сядьте и стабилизируйте корпус, не прогибайтесь. Выполняйте руками поочерёдно, удерживая корпус стабильным.",средняя дельта,3.9,Dumbbell lateral raise — seated — alternating,Новичок,Читинг корпусом; чрезмерные веса; внутренний поворот плеча; отсутствует контроль темпа; отсутствует контроль темпа.
Тяга к подбородку широким хватом поочерёдно,10,0,8,4,60,"Возьмитесь узким хватом; тяните штангу вдоль корпуса до верхней груди/ключиц, локти выше грифа, опускайте плавно. Сохраняйте запястья ровными и ведите локти по линии движения. Выполняйте руками поочерёдно, удерживая корпус стабильным.",плечи/трапеции,4.7,Upright row — wide-grip — alternating,Средний,Слишком узкий хват; подъём слишком высоко; излом запястий; отсутствует контроль темпа; отсутствует контроль темпа.
Шраги сидя поочерёдно,6,0,12,3,120,"Держите гантели по бокам; поднимайте плечи вверх к ушам, делая короткую паузу, опускайте полностью. Сядьте и стабилизируйте корпус, не прогибайтесь. Выполняйте руками поочерёдно, удерживая корпус стабильным.",трапеции,4.3,Shrug — seated — alternating,Новичок,Вращение плечами; короткая амплитуда; чрезмерный вес с читингом; отсутствует контроль темпа; отсутствует контроль темпа.
Подъём на бицепс со штангой широким хватом поочерёдно,6,0,12,4,180,"Стойка стабильна, локти у корпуса; сгибайте руки, не раскачивая корпус, опускайте под контролем. Сохраняйте запястья ровными и ведите локти по линии движения. Выполняйте руками поочерёдно, удерживая корпус стабильным.",бицепс,4.5,Barbell biceps curl — wide-grip — alternating,Средний,Раскачка корпусом; локти уходят вперёд; частичная амплитуда; отсутствует контроль темпа; отсутствует контроль темпа.
Подъём на бицепс молот сидя поочерёдно,10,0,8,4,180,"Хват нейтральный, локти у корпуса; поднимайте гантели, сохраняя предплечья в нейтрали, опускайте медленно. Сядьте и стабилизируйте корпус, не прогибайтесь. Выполняйте руками поочерёдно, удерживая корпус стабильным.",бицепс/предплечья,3.5,Hammer curl — seated — alternating,Новичок,Локти отходят; махи; неконтролируемая эксцентрика; отсутствует контроль темпа; отсутствует контроль темпа.
Концентрированный подъём на бицепс сидя поочерёдно,12,0,12,3,90,"Сядьте, упёрев локоть в бедро; поднимайте гантель к плечу, делая паузу вверху, опускайте контролируемо. Сядьте и стабилизируйте корпус, не прогибайтесь. Выполняйте руками поочерёдно, удерживая корпус стабильным.",бицепс,4.4,Concentration curl — seated — alternating,Новичок,Движение плечом; потеря фиксации локтя; скручивание корпуса; отсутствует контроль темпа; отсутствует контроль темпа.
Французский жим широким хватом поочерёдно,16,0,8,3,60,"Лягте на скамью, штанга над грудью; сгибайте руки, опуская гриф к лбу/за голову, разогните до полного сокращения трицепса. Сохраняйте запястья ровными и ведите локти по линии движения. Выполняйте руками поочерёдно, удерживая корпус стабильным.",трицепс,3.6,Lying triceps extension — wide-grip — alternating,Средний,Локти расходятся; опускание на лоб; гиперпрогиб в пояснице; отсутствует контроль темпа; отсутствует контроль темпа.
Разгибания на блоке на нижнем блоке поочерёдно,10,0,15,5,180,"Встаньте у верхнего блока, локти прижаты; разгибайте руки вниз до полного выпрямления и возвращайте без раскачки. Фиксируйте корпус и не раскачивайтесь. Выполняйте руками поочерёдно, удерживая корпус стабильным.",трицепс,4.9,Triceps pushdown — low pulley — alternating,Новичок,Локти уходят от корпуса; раскачка; перегиб кистей; отсутствует контроль темпа; отсутствует контроль темпа.
Отжимания на брусьях на одной руке/ноге поочерёдно,4,0,15,3,150,"Опирайтесь на брусья, корпус слегка наклонён; опускайтесь до параллели плеч с локтями, выжимайтесь вверх. Усложните вариант, удерживая корпус стабильно. Выполняйте руками поочерёдно, удерживая корпус стабильным.",грудь/трицепс,4.6,Dip — single-arm/leg — alternating,Продвинутый,Сильный провал в плечах; чрезмерная глубина; разброс локтей; отсутствует контроль темпа; отсутствует контроль темпа.
Отжимания на одной руке/ноге поочерёдно,4,0,12,5,150,"Упритесь ладонями под плечами, корпус прямой; опуститесь до касания грудью/90° в локтях, выжмитесь вверх. Усложните вариант, удерживая корпус стабильно. Выполняйте руками поочерёдно, удерживая корпус стабильным.",грудь/плечи/трицепс,5.0,Push-up — single-arm/leg — alternating,Продвинутый,Провисание корпуса; локти сильно в стороны; неполная амплитуда; отсутствует контроль темпа; отсутствует контроль темпа.
Скручивания на одной руке/ноге поочерёдно,4,0,15,5,180,"Лягте на спину, колени согнуты; подкручивайте грудную клетку к тазу, не тяните шею, делайте короткую паузу вверху. Усложните вариант, удерживая корпус стабильно. Выполняйте руками поочерёдно, удерживая корпус стабильным.",пресс,3.5,Crunch — single-arm/leg — alternating,Продвинутый,Тянуть шею руками; рывки; большой размах вместо подкручивания; отсутствует контроль темпа; отсутствует контроль темпа.
Подъём ног в висе на одной руке/ноге поочерёдно,6,0,12,5,90,"Повисните на перекладине; поднимайте прямые ноги/колени к груди, удерживая таз подкрученным, опускайте медленно. Усложните вариант, удерживая корпус стабильно. Выполняйте руками поочерёдно, удерживая корпус стабильным.",нижний пресс,3.6,Hanging leg raise — single-arm/leg — alternating,Продвинутый,Махи ногами; прогиб поясницы; отсутствие подкрутки таза; отсутствует контроль темпа; отсутствует контроль темпа.
Планка на одной руке/ноге поочерёдно,20,20,0,4,180,"Опуститесь на предплечья, корпус прямой; держите нейтральную спину и напряжённый кор, не провисайте. Усложните вариант, удерживая корпус стабильно. Выполняйте руками поочерёдно, удерживая корпус стабильным.",кор,3.5,Plank — single-arm/leg — alternating,Продвинутый,Провисание поясницы; поднятый таз; разведение лопаток; отсутствует контроль темпа; отсутствует контроль темпа.
Русский твист на одной руке/ноге поочерёдно,20,45,0,3,150,"Сядьте, корпус слегка отклонён; поворачивайте плечевой пояс и таз синхронно, касаясь пола по сторонам. Усложните вариант, удерживая корпус стабильно. Выполняйте руками поочерёдно, удерживая корпус стабильным.",косые мышцы живота,4.4,Russian twist — single-arm/leg — alternating,Продвинутый,Скругление спины; вращение одними руками; слишком быстрый темп; отсутствует контроль темпа; отсутствует контроль темпа.
Берпи на одной руке/ноге поочерёдно,12,40,0,5,150,"Из стойки сделайте упор лёжа, отожмитесь; подпрыгните вверх с руками над головой. Усложните вариант, удерживая корпус стабильно. Выполняйте руками поочерёдно, удерживая корпус стабильным.",всё тело/кардио,4.7,Burpee — single-arm/leg — alternating,Продвинутый,Плохая техника отжимания; колени заваливаются при прыжке; отсутствие фиксации вверху; отсутствует контроль темпа; отсутствует контроль темпа.
Скакалка на одной руке/ноге поочерёдно,6,30,0,3,60,"Держите локти близко к корпусу; вращайте верёвку кистями и приземляйтесь на носки мягко и ритмично. Усложните вариант, удерживая корпус стабильно. Выполняйте руками поочерёдно, удерживая корпус стабильным.",кардио/икры,3.6,Jump rope — single-arm/leg — alternating,Продвинутый,Слишком высокие прыжки; вращение плечами; жёсткая посадка на пятку; отсутствует контроль темпа; отсутствует контроль темпа.
Тяга каната к лицу на нижнем блоке поочерёдно,6,0,10,3,150,"Встаньте у блока с канатом; тяните к лицу, разводя кисти и сводя лопатки, держите локти высоко. Фиксируйте корпус и не раскачивайтесь. Выполняйте руками поочерёдно, удерживая корпус стабильным.",задняя дельта/верх спины,4.5,Face pull — low pulley — alternating,Новичок,Локти низко; тянуть руками без лопаток; нет разведения кистей; отсутствует контроль темпа; отсутствует контроль темпа.
Обратные разведения в тренажёре одной ногой/рукой поочерёдно,16,0,12,3,180,"Сядьте лицом к тренажёру; разводите рукояти, сводя лопатки, удерживайте паузу и возвращайте контролируемо. Работайте поочерёдно, соблюдая симметрию. Выполняйте руками поочерёдно, удерживая корпус стабильным.",задняя дельта,4.0,Reverse pec deck — single-leg/arm — alternating,Средний,Работает трапеция вместо дельт; рывки; нет паузы в пик-сокращении; отсутствует контроль темпа; отсутствует контроль темпа.
Тяга гантели в наклоне сидя поочерёдно,16,0,12,3,60,"Упритесь коленом и рукой в скамью; тяните гантель к тазу, сводя лопатки, опускайте без рывка. Сядьте и стабилизируйте корпус, не прогибайтесь. Выполняйте руками поочерёдно, удерживая корпус стабильным.",широчайшие/средняя спина,4.3,Dumbbell row — seated — alternating,Средний,Скручивание корпуса; рывки; тяга к плечу вместо к тазу; отсутствует контроль темпа; отсутствует контроль темпа.
Хип-траст широким хватом поочерёдно,6,0,12,5,90,"Плечи на скамье, штанга на тазе; поднимайте таз до линии корпус–бёдра, делая паузу вверху, опускайте. Сохраняйте запястья ровными и ведите локти по линии движения. Выполняйте руками поочерёдно, удерживая корпус стабильным.",ягодицы,4.3,Hip thrust — wide-grip — alternating,Средний,Чрезмерный прогиб; короткая пауза; неверная постановка стоп; отсутствует контроль темпа; отсутствует контроль темпа.
Ягодичный мост на одной руке/ноге поочерёдно,10,0,6,5,60,"Лягте на спину, стопы ближе к тазу; поднимайте таз, сжимая ягодицы, опускайте, сохраняя нейтральную спину. Усложните вариант, удерживая корпус стабильно. Выполняйте руками поочерёдно, удерживая корпус стабильным.",ягодицы,3.7,Glute bridge — single-arm/leg — alternating,Продвинутый,Толчок поясницей; неполная амплитуда; колени гуляют; отсутствует контроль темпа; отсутствует контроль темпа.
Трастеры широким хватом поочерёдно,6,45,0,5,120,"Присядьте со штангой на груди и взрывно выжмите её над головой, возвращаясь в стойку контролируемо. Сохраняйте запястья ровными и ведите локти по линии движения. Выполняйте руками поочерёдно, удерживая корпус стабильным.",всё тело,4.3,Thruster — wide-grip — alternating,Продвинутый,Ранний пресс до выпрямления ног; дуга грифа; колени заваливаются; отсутствует контроль темпа; отсутствует контроль темпа.
Жим Арнольда сидя поочерёдно,6,0,15,5,90,"Сидя, начните с гантелями у груди ладонями к себе; вращая кисти, выжмите вверх до полного разгибания и опустите обратно. Сядьте и стабилизируйте корпус, не прогибайтесь. Выполняйте руками поочерёдно, удерживая корпус стабильным.",плечи,3.9,Arnold press — seated — alternating,Средний,Сваливание локтей; сведение с ударом; излишний прогиб; отсутствует контроль темпа; отсутствует контроль темпа.
Фермерская прогулка сидя поочерёдно,16,60,0,5,180,"Возьмите тяжёлые гантели, корпус высокий; идите ровно короткими шагами, удерживая кор и нейтральную спину. Сядьте и стабилизируйте корпус, не прогибайтесь. Выполняйте руками поочерёдно, удерживая корпус стабильным.",хват/кор/трапеции,3.5,Farmer's walk — seated — alternating,Средний,Сутулость; переваливание корпуса; стук снарядов о ноги; задержка дыхания; отсутствует контроль темпа; отсутствует контроль темпа.
Гиперэкстензия одной ногой/рукой поочерёдно,10,0,12,5,90,"Застегнитесь в римском стуле; поднимайте корпус до линии с ногами, не переразгибая, опускайте контролируемо. Работайте поочерёдно, соблюдая симметрию. Выполняйте руками поочерёдно, удерживая корпус стабильным.",разгибатели спины/ягодицы,3.6,Back extension — single-leg/arm — alternating,Средний,Переразгибание вверху; движение за счёт спины; слишком быстрый темп; отсутствует контроль темпа; отсутствует контроль темпа.
Кикбэк на трицепс с гантелью сидя поочерёдно,10,0,8,4,120,"Наклоните корпус, локоть прижмите и поднимите вверх; разгибайте руку назад до полного сокращения трицепса, возвращайте плавно. Сядьте и стабилизируйте корпус, не прогибайтесь. Выполняйте руками поочерёдно, удерживая корпус стабильным.",трицепс,4.4,Dumbbell triceps kickback — seated — alternating,Новичок,Движение плечом; локоть опускается; чрезмерный вес; отсутствует контроль темпа; отсутствует контроль темпа.
Кикбэк на трицепс на блоке (канате) на нижнем блоке поочерёдно,10,0,6,3,150,"Корпус в наклоне, локти фиксированы; разгибайте предплечья назад, разводя концы каната в конце амплитуды. Фиксируйте корпус и не раскачивайтесь. Выполняйте руками поочерёдно, удерживая корпус стабильным.",трицепс,4.6,Cable triceps kickback (rope) — low pulley — alternating,Новичок,Разведение локтей; движение корпусом; излом запястий; отсутствует контроль темпа; отсутствует контроль темпа.
Кикбэк на трицепс с опорой на скамью сидя поочерёдно,16,0,8,4,60,"Опирайтесь на скамью свободной рукой; из положения наклона разгибайте руку с гантелью назад до полного выпрямления. Сядьте и стабилизируйте корпус, не прогибайтесь. Выполняйте руками поочерёдно, удерживая корпус стабильным.",трицепс,4.8,Bench-supported dumbbell triceps kickback — seated — alternating,Новичок,Округление спины; локоть «уезжает»; махи; отсутствует контроль темпа; отсутствует контроль темпа.
Кикбэк на трицепс в наклоне (поочерёдно) сидя поочерёдно,12,0,8,5,120,"В наклоне разгибайте поочерёдно каждую руку назад, фиксируя локоть и избегая раскачки корпуса. Сядьте и стабилизируйте корпус, не прогибайтесь. Выполняйте руками поочерёдно, удерживая корпус стабильным.",трицепс,4.4,Alternating dumbbell triceps kickback — seated — alternating,Новичок,Раскачка корпусом; опускание локтя; неполная амплитуда; отсутствует контроль темпа; отсутствует контроль темпа.
Жим штанги лёжа с паузой внизу поочерёдно,6,0,15,3,180,"Лягте на скамью, лопатки сведены, стопы упираются; опустите штангу к нижней груди и выжмите вверх, не теряя напряжение. Делайте паузу 1–2 сек в нижней точке, не теряя напряжение. Выполняйте руками поочерёдно, удерживая корпус стабильным.",грудь/плечи/трицепс,4.0,Barbell bench press — with bottom pause — alternating,Продвинутый,Развод локтей; отрыв стоп; отскок от груди; гиперпрогиб в пояснице; неполная пауза; отсутствует контроль темпа; отсутствует контроль темпа.
Жим гантелей на наклонной скамье стоя поочерёдно,16,0,8,4,60,"Лягте на наклон 30–45°, гантели у груди; выжмите по дуге вверх и сведите без удара, опускайте контролируемо. Держите корпус напряжённым и не раскачивайтесь. Выполняйте руками поочерёдно, удерживая корпус стабильным.",верхняя грудь/плечи,4.0,Incline dumbbell press — standing — alternating,Средний,Сведение с ударом; провал плеч; опускание слишком низко; потеря контроля лопаток; отсутствует контроль темпа; отсутствует контроль темпа.
Разводка гантелей лёжа стоя поочерёдно,8,0,6,3,60,"Лягте на скамью, лёгкий сгиб в локтях; разводите руки по широкой дуге до растяжения груди и сводите обратно. Держите корпус напряжённым и не раскачивайтесь. Выполняйте руками поочерёдно, удерживая корпус стабильным.",грудь,4.7,Dumbbell flye — standing — alternating,Средний,Слишком прямые руки; рывки; чрезмерный вес; превращение движения в жим; отсутствует контроль темпа; отсутствует контроль темпа.
Сведение рук в кроссовере с паузой в пик-сокращении поочерёдно,8,0,6,3,60,"Встаньте между блоками, корпус слегка наклонён; сводите рукояти по дуге перед грудью, контролируя растяжение и сокращение. Пауза 1–2 сек в пик-сокращении. Выполняйте руками поочерёдно, удерживая корпус стабильным.",грудь,4.0,Cable crossover — with peak pause — alternating,Средний,Скручивание корпуса; рывки; сведение за счёт плеч; неверная высота траектории; отсутствует контроль темпа; отсутствует контроль темпа.
Подтягивания с паузой поочерёдно,10,0,8,5,180,"Возьмитесь за перекладину пронированным хватом, корпус стабилен; тянитесь грудью к перекладине, опускайтесь до полного выпрямления рук. Делайте паузы в сложных точках движения. Выполняйте руками поочерёдно, удерживая корпус стабильным.",спина/бицепс,4.2,Pull-up — with pause — alternating,Средний,Недоразгибание локтей; раскачка; подбородок не выше перекладины; не сводите лопатки; отсутствует контроль темпа; отсутствует контроль темпа.
Тяга верхнего блока с паузой в пик-сокращении поочерёдно,10,0,12,5,60,"Возьмитесь широким хватом, грудь вперёд; тяните рукоять к верхней груди, сводя лопатки, поднимайте руки контролируемо. Пауза 1–2 сек в пик-сокращении. Выполняйте руками поочерёдно, удерживая корпус стабильным.",широчайшие/бицепс,4.3,Lat pulldown — with peak pause — alternating,Средний,Тяга за голову; чрезмерный прогиб; работа руками вместо спины; отбивание веса; отсутствует контроль темпа; отсутствует контроль темпа.
Тяга штанги в наклоне с паузой внизу поочерёдно,12,0,6,5,120,"Станьте в наклон 30–45°, спина нейтральна; тяните штангу к нижней части живота, сводя лопатки, опускайте без рывков. Делайте паузу 1–2 сек в нижней точке, не теряя напряжение. Выполняйте руками поочерёдно, удерживая корпус стабильным.",спина/задняя дельта,4.5,Bent-over barbell row — with bottom pause — alternating,Продвинутый,Круглая спина; подрыв корпусом; траектория слишком высоко; отсутствие паузы; отсутствует контроль темпа; отсутствует контроль темпа.
Гребля на тренажёре медленный негатив поочерёдно,20,40,0,3,150,"Сядьте, стопы закреплены, спина нейтральна; толчок ногами, затем тяга к солнечному сплетению, верните в обратной последовательности. Опускайте 3–4 сек для контроля и чувства мышцы. Выполняйте руками поочерёдно, удерживая корпус стабильным.",спина/кардио,4.5,Rowing machine — slow eccentric — alternating,Продвинутый,Тянуть одними руками; ранний подсрыв корпусом; провал колен внутрь; сгибание запястий; отсутствует контроль темпа; отсутствует контроль темпа.
Становая тяга с паузой внизу поочерёдно,8,0,6,5,90,"Стопы на ширине таза, гриф над серединой стопы; держите спину нейтральной, поднимайте штангу, разгибая колени и бёдра одновременно. Делайте паузу 1–2 сек в нижней точке, не теряя напряжение. Выполняйте руками поочерёдно, удерживая корпус стабильным.",задняя цепь/спина/ягодицы,4.1,Deadlift — with bottom pause — alternating,Продвинутый,Округление поясницы; гриф далеко от тела; рывок с пола; перезалом вверху; отсутствует контроль темпа; отсутствует контроль темпа.
Румынская тяга с паузой внизу поочерёдно,10,0,15,3,60,"Штанга в руках, колени мягкие; отведите таз назад, опуская штангу вдоль бёдер до натяжения задней поверхности, затем вернитесь. Делайте паузу 1–2 сек в нижней точке, не теряя напряжение. Выполняйте руками поочерёдно, удерживая корпус стабильным.",бёдра/ягодицы,3.7,Romanian deadlift — with bottom pause — alternating,Продвинутый,Сильный сгиб коленей; гриф далеко от ног; гиперпрогиб; короткая амплитуда; отсутствует контроль темпа; отсутствует контроль темпа.
Приседания со штангой с паузой внизу поочерёдно,20,0,12,4,150,"Стойка на ширине плеч, корпус напряжён; присядьте до параллели, колени по траектории носков, встаньте, сохраняя нейтральную спину. Делайте паузу 1–2 сек в нижней точке, не теряя напряжение. Выполняйте руками поочерёдно, удерживая корпус стабильным.",квадрицепсы/ягодицы/кор,4.6,Back squat — with bottom pause — alternating,Продвинутый,Колени заваливаются; пятки отрываются; округление спины; непостоянная глубина; отсутствует контроль темпа; отсутствует контроль темпа.
Жим ногами медленный негатив поочерёдно,12,0,8,3,180,"Стопы на платформе, поясница прижата; опускайте платформу до угла 90° в коленях и выжимайте, не выпрямляя колени в «замок». Опускайте 3–4 сек для контроля и чувства мышцы. Выполняйте руками поочерёдно, удерживая корпус стабильным.",квадрицепсы/ягодицы,3.9,Leg press — slow eccentric — alternating,Продвинутый,Сведение колен; отрыв поясницы; замок в коленях; слишком узкая постановка; отсутствует контроль темпа; отсутствует контроль темпа.
Выпады стоя поочерёдно,10,0,6,3,120,"Сделайте широкий шаг вперёд; опуститесь до прямого угла в колене передней ноги, толкнитесь пяткой и вернитесь. Держите корпус напряжённым и не раскачивайтесь. Выполняйте руками поочерёдно, удерживая корпус стабильным.",ягодицы/квадрицепсы,4.8,Lunge — standing — alternating,Средний,Колено заваливается; шаг слишком короткий; чрезмерный наклон корпуса; толчок носком; отсутствует контроль темпа; отсутствует контроль темпа.
Гакк-присед медленный негатив поочерёдно,10,0,12,3,60,"Спина прижата к спинке, стопы чуть впереди; присядьте до параллели и выжмите, держа колени в линии носков. Опускайте 3–4 сек для контроля и чувства мышцы. Выполняйте руками поочерёдно, удерживая корпус стабильным.",квадрицепсы,3.9,Hack squat — slow eccentric — alternating,Продвинутый,Отрыв пяток; колени слишком вперёд; прогиб поясницы; короткая амплитуда; отсутствует контроль темпа; отсутствует контроль темпа.
Сгибания ног лёжа медленный негатив поочерёдно,6,0,12,5,120,"Лягте лицом вниз, валики над пятками; сгибайте колени до полного сокращения бицепса бедра и опускайте контролируемо. Опускайте 3–4 сек для контроля и чувства мышцы. Выполняйте руками поочерёдно, удерживая корпус стабильным.",бицепс бедра,4.0,Lying leg curl — slow eccentric — alternating,Продвинутый,Отрыв таза; рывки; движение тазом; отсутствие паузы; отсутствует контроль темпа; отсутствует контроль темпа.
Разгибания ног медленный негатив поочерёдно,4,0,15,5,120,"Сядьте, валик над голенями; разгибайте колени до верхней точки без рывка, опускайте с контролем. Опускайте 3–4 сек для контроля и чувства мышцы. Выполняйте руками поочерёдно, удерживая корпус стабильным.",квадрицепсы,4.2,Leg extension — slow eccentric — alternating,Продвинутый,Рывки; чрезмерный вес; разведение колен; болтающиеся стопы; отсутствует контроль темпа; отсутствует контроль темпа.
Подъёмы на носки медленный негатив поочерёдно,12,0,12,3,90,"Встаньте носками на платформу; поднимайтесь на носки, делая паузу вверху, опускайтесь до растяжения икр. Опускайте 3–4 сек для контроля и чувства мышцы. Выполняйте руками поочерёдно, удерживая корпус стабильным.",икры,3.8,Calf raise — slow eccentric — alternating,Продвинутый,Короткая амплитуда; пружинение; согнутые колени; разворот носков без контроля; отсутствует контроль темпа; отсутствует контроль темпа.
Жим штанги стоя с паузой внизу поочерёдно,4,0,10,5,150,"Стойка на ширине плеч, корпус напряжён; выжмите штангу над головой по прямой и опустите под контроль. Делайте паузу 1–2 сек в нижней точке, не теряя напряжение. Выполняйте руками поочерёдно, удерживая корпус стабильным.",плечи/трицепс,5.0,Overhead press — with bottom pause — alternating,Продвинутый,Гиперпрогиб поясницы; дуга траектории; локти назад; задержка дыхания; отсутствует контроль темпа; отсутствует контроль темпа.
Жим гантелей сидя стоя поочерёдно,4,0,8,5,150,"Сядьте, лопатки сведены; выжимайте гантели вверх по дуге и опускайте до уровня ушей. Держите корпус напряжённым и не раскачивайтесь. Выполняйте руками поочерёдно, удерживая корпус стабильным.",плечи,4.4,Seated dumbbell shoulder press — standing — alternating,Средний,Сведение с ударом; отрыв поясницы; опускание слишком низко; отсутствует контроль темпа; отсутствует контроль темпа.
Махи гантелями в стороны стоя поочерёдно,6,0,8,4,150,"Встаньте прямо, лёгкий наклон корпуса; поднимайте гантели в стороны до уровня плеч, ведите локтем, опускайте медленно. Держите корпус напряжённым и не раскачивайтесь. Выполняйте руками поочерёдно, удерживая корпус стабильным.",средняя дельта,3.8,Dumbbell lateral raise — standing — alternating,Средний,Читинг корпусом; чрезмерные веса; внутренний поворот плеча; отсутствует контроль темпа; отсутствует контроль темпа.
Тяга к подбородку с паузой внизу поочерёдно,4,0,15,4,90,"Возьмитесь узким хватом; тяните штангу вдоль корпуса до верхней груди/ключиц, локти выше грифа, опускайте плавно. Делайте паузу 1–2 сек в нижней точке, не теряя напряжение. Выполняйте руками поочерёдно, удерживая корпус стабильным.",плечи/трапеции,4.5,Upright row — with bottom pause — alternating,Продвинутый,Слишком узкий хват; подъём слишком высоко; излом запястий; отсутствует контроль темпа; отсутствует контроль темпа.
Шраги стоя поочерёдно,6,0,8,3,90,"Держите гантели по бокам; поднимайте плечи вверх к ушам, делая короткую паузу, опускайте полностью. Держите корпус напряжённым и не раскачивайтесь. Выполняйте руками поочерёдно, удерживая корпус стабильным.",трапеции,4.3,Shrug — standing — alternating,Средний,Вращение плечами; короткая амплитуда; чрезмерный вес с читингом; отсутствует контроль темпа; отсутствует контроль темпа.
Подъём на бицепс со штангой с паузой внизу поочерёдно,16,0,15,4,180,"Стойка стабильна, локти у корпуса; сгибайте руки, не раскачивая корпус, опускайте под контролем. Делайте паузу 1–2 сек в нижней точке, не теряя напряжение. Выполняйте руками поочерёдно, удерживая корпус стабильным.",бицепс,4.5,Barbell biceps curl — with bottom pause — alternating,Продвинутый,Раскачка корпусом; локти уходят вперёд; частичная амплитуда; отсутствует контроль темпа; отсутствует контроль темпа.
Подъём на бицепс молот стоя поочерёдно,20,0,6,5,90,"Хват нейтральный, локти у корпуса; поднимайте гантели, сохраняя предплечья в нейтрали, опускайте медленно. Держите корпус напряжённым и не раскачивайтесь. Выполняйте руками поочерёдно, удерживая корпус стабильным.",бицепс/предплечья,4.0,Hammer curl — standing — alternating,Средний,Локти отходят; махи; неконтролируемая эксцентрика; отсутствует контроль темпа; отсутствует контроль темпа.
Концентрированный подъём на бицепс стоя поочерёдно,6,0,6,5,90,"Сядьте, упёрев локоть в бедро; поднимайте гантель к плечу, делая паузу вверху, опускайте контролируемо. Держите корпус напряжённым и не раскачивайтесь. Выполняйте руками поочерёдно, удерживая корпус стабильным.",бицепс,3.8,Concentration curl — standing — alternating,Средний,Движение плечом; потеря фиксации локтя; скручивание корпуса; отсутствует контроль темпа; отсутствует контроль темпа.
Французский жим с паузой внизу поочерёдно,8,0,12,4,120,"Лягте на скамью, штанга над грудью; сгибайте руки, опуская гриф к лбу/за голову, разогните до полного сокращения трицепса. Делайте паузу 1–2 сек в нижней точке, не теряя напряжение. Выполняйте руками поочерёдно, удерживая корпус стабильным.",трицепс,3.6,Lying triceps extension — with bottom pause — alternating,Продвинутый,Локти расходятся; опускание на лоб; гиперпрогиб в пояснице; отсутствует контроль темпа; отсутствует контроль темпа.
Разгибания на блоке с паузой в пик-сокращении поочерёдно,8,0,6,5,150,"Встаньте у верхнего блока, локти прижаты; разгибайте руки вниз до полного выпрямления и возвращайте без раскачки. Пауза 1–2 сек в пик-сокращении. Выполняйте руками поочерёдно, удерживая корпус стабильным.",трицепс,4.9,Triceps pushdown — with peak pause — alternating,Средний,Локти уходят от корпуса; раскачка; перегиб кистей; отсутствует контроль темпа; отсутствует контроль темпа.
Отжимания на брусьях с паузой поочерёдно,6,0,12,3,150,"Опирайтесь на брусья, корпус слегка наклонён; опускайтесь до параллели плеч с локтями, выжимайтесь вверх. Делайте паузы в сложных точках движения. Выполняйте руками поочерёдно, удерживая корпус стабильным.",грудь/трицепс,4.3,Dip — with pause — alternating,Средний,Сильный провал в плечах; чрезмерная глубина; разброс локтей; отсутствует контроль темпа; отсутствует контроль темпа.
Отжимания с паузой поочерёдно,6,0,8,3,120,"Упритесь ладонями под плечами, корпус прямой; опуститесь до касания грудью/90° в локтях, выжмитесь вверх. Делайте паузы в сложных точках движения. Выполняйте руками поочерёдно, удерживая корпус стабильным.",грудь/плечи/трицепс,4.8,Push-up — with pause — alternating,Средний,Провисание корпуса; локти сильно в стороны; неполная амплитуда; отсутствует контроль темпа; отсутствует контроль темпа.
Скручивания с паузой поочерёдно,10,0,6,5,120,"Лягте на спину, колени согнуты; подкручивайте грудную клетку к тазу, не тяните шею, делайте короткую паузу вверху. Делайте паузы в сложных точках движения. Выполняйте руками поочерёдно, удерживая корпус стабильным.",пресс,3.8,Crunch — with pause — alternating,Средний,Тянуть шею руками; рывки; большой размах вместо подкручивания; отсутствует контроль темпа; отсутствует контроль темпа.
Подъём ног в висе с паузой поочерёдно,4,0,15,5,120,"Повисните на перекладине; поднимайте прямые ноги/колени к груди, удерживая таз подкрученным, опускайте медленно. Делайте паузы в сложных точках движения. Выполняйте руками поочерёдно, удерживая корпус стабильным.",нижний пресс,3.5,Hanging leg raise — with pause — alternating,Средний,Махи ногами; прогиб поясницы; отсутствие подкрутки таза; отсутствует контроль темпа; отсутствует контроль темпа.
Планка с паузой поочерёдно,16,40,0,4,150,"Опуститесь на предплечья, корпус прямой; держите нейтральную спину и напряжённый кор, не провисайте. Делайте паузы в сложных точках движения. Выполняйте руками поочерёдно, удерживая корпус стабильным.",кор,3.6,Plank — with pause — alternating,Средний,Провисание поясницы; поднятый таз; разведение лопаток; отсутствует контроль темпа; отсутствует контроль темпа.
Русский твист с паузой поочерёдно,12,45,0,3,120,"Сядьте, корпус слегка отклонён; поворачивайте плечевой пояс и таз синхронно, касаясь пола по сторонам. Делайте паузы в сложных точках движения. Выполняйте руками поочерёдно, удерживая корпус стабильным.",косые мышцы живота,4.4,Russian twist — with pause — alternating,Средний,Скругление спины; вращение одними руками; слишком быстрый темп; отсутствует контроль темпа; отсутствует контроль темпа.
Берпи с паузой поочерёдно,20,30,0,4,120,"Из стойки сделайте упор лёжа, отожмитесь; подпрыгните вверх с руками над головой. Делайте паузы в сложных точках движения. Выполняйте руками поочерёдно, удерживая корпус стабильным.",всё тело/кардио,4.6,Burpee — with pause — alternating,Средний,Плохая техника отжимания; колени заваливаются при прыжке; отсутствие фиксации вверху; отсутствует контроль темпа; отсутствует контроль темпа.
Скакалка с паузой поочерёдно,12,45,0,5,60,"Держите локти близко к корпусу; вращайте верёвку кистями и приземляйтесь на носки мягко и ритмично. Делайте паузы в сложных точках движения. Выполняйте руками поочерёдно, удерживая корпус стабильным.",кардио/икры,3.7,Jump rope — with pause — alternating,Средний,Слишком высокие прыжки; вращение плечами; жёсткая посадка на пятку; отсутствует контроль темпа; отсутствует контроль темпа.
Тяга каната к лицу с паузой в пик-сокращении поочерёдно,4,0,6,4,180,"Встаньте у блока с канатом; тяните к лицу, разводя кисти и сводя лопатки, держите локти высоко. Пауза 1–2 сек в пик-сокращении. Выполняйте руками поочерёдно, удерживая корпус стабильным.",задняя дельта/верх спины,4.6,Face pull — with peak pause — alternating,Средний,Локти низко; тянуть руками без лопаток; нет разведения кистей; отсутствует контроль темпа; отсутствует контроль темпа.
Обратные разведения в тренажёре медленный негатив поочерёдно,10,0,10,4,180,"Сядьте лицом к тренажёру; разводите рукояти, сводя лопатки, удерживайте паузу и возвращайте контролируемо. Опускайте 3–4 сек для контроля и чувства мышцы. Выполняйте руками поочерёдно, удерживая корпус стабильным.",задняя дельта,4.2,Reverse pec deck — slow eccentric — alternating,Продвинутый,Работает трапеция вместо дельт; рывки; нет паузы в пик-сокращении; отсутствует контроль темпа; отсутствует контроль темпа.
Тяга гантели в наклоне стоя поочерёдно,16,0,12,3,60,"Упритесь коленом и рукой в скамью; тяните гантель к тазу, сводя лопатки, опускайте без рывка. Держите корпус напряжённым и не раскачивайтесь. Выполняйте руками поочерёдно, удерживая корпус стабильным.",широчайшие/средняя спина,4.1,Dumbbell row — standing — alternating,Средний,Скручивание корпуса; рывки; тяга к плечу вместо к тазу; отсутствует контроль темпа; отсутствует контроль темпа.
Хип-траст с паузой внизу поочерёдно,4,0,12,5,180,"Плечи на скамье, штанга на тазе; поднимайте таз до линии корпус–бёдра, делая паузу вверху, опускайте. Делайте паузу 1–2 сек в нижней точке, не теряя напряжение. Выполняйте руками поочерёдно, удерживая корпус стабильным.",ягодицы,4.3,Hip thrust — with bottom pause — alternating,Продвинутый,Чрезмерный прогиб; короткая пауза; неверная постановка стоп; отсутствует контроль темпа; отсутствует контроль темпа.
Ягодичный мост с паузой поочерёдно,10,0,8,3,150,"Лягте на спину, стопы ближе к тазу; поднимайте таз, сжимая ягодицы, опускайте, сохраняя нейтральную спину. Делайте паузы в сложных точках движения. Выполняйте руками поочерёдно, удерживая корпус стабильным.",ягодицы,3.5,Glute bridge — with pause — alternating,Средний,Толчок поясницей; неполная амплитуда; колени гуляют; отсутствует контроль темпа; отсутствует контроль темпа.
Трастеры с паузой внизу поочерёдно,12,60,0,3,150,"Присядьте со штангой на груди и взрывно выжмите её над головой, возвращаясь в стойку контролируемо. Делайте паузу 1–2 сек в нижней точке, не теряя напряжение. Выполняйте руками поочерёдно, удерживая корпус стабильным.",всё тело,3.9,Thruster — with bottom pause — alternating,Продвинутый,Ранний пресс до выпрямления ног; дуга грифа; колени заваливаются; отсутствует контроль темпа; отсутствует контроль темпа.
Жим Арнольда стоя поочерёдно,4,0,10,4,150,"Сидя, начните с гантелями у груди ладонями к себе; вращая кисти, выжмите вверх до полного разгибания и опустите обратно. Держите корпус напряжённым и не раскачивайтесь. Выполняйте руками поочерёдно, удерживая корпус стабильным.",плечи,3.7,Arnold press — standing — alternating,Средний,Сваливание локтей; сведение с ударом; излишний прогиб; отсутствует контроль темпа; отсутствует контроль темпа.
Фермерская прогулка стоя поочерёдно,20,30,0,4,150,"Возьмите тяжёлые гантели, корпус высокий; идите ровно короткими шагами, удерживая кор и нейтральную спину. Держите корпус напряжённым и не раскачивайтесь. Выполняйте руками поочерёдно, удерживая корпус стабильным.",хват/кор/трапеции,3.5,Farmer's walk — standing — alternating,Средний,Сутулость; переваливание корпуса; стук снарядов о ноги; задержка дыхания; отсутствует контроль темпа; отсутствует контроль темпа.
Гиперэкстензия медленный негатив поочерёдно,16,0,8,4,120,"Застегнитесь в римском стуле; поднимайте корпус до линии с ногами, не переразгибая, опускайте контролируемо. Опускайте 3–4 сек для контроля и чувства мышцы. Выполняйте руками поочерёдно, удерживая корпус стабильным.",разгибатели спины/ягодицы,3.7,Back extension — slow eccentric — alternating,Продвинутый,Переразгибание вверху; движение за счёт спины; слишком быстрый темп; отсутствует контроль темпа; отсутствует контроль темпа.
Кикбэк на трицепс с гантелью стоя поочерёдно,8,0,10,3,60,"Наклоните корпус, локоть прижмите и поднимите вверх; разгибайте руку назад до полного сокращения трицепса, возвращайте плавно. Держите корпус напряжённым и не раскачивайтесь. Выполняйте руками поочерёдно, удерживая корпус стабильным.",трицепс,4.6,Dumbbell triceps kickback — standing — alternating,Средний,Движение плечом; локоть опускается; чрезмерный вес; отсутствует контроль темпа; отсутствует контроль темпа.
Кикбэк на трицепс на блоке (канате) с паузой в пик-сокращении поочерёдно,8,0,8,3,120,"Корпус в наклоне, локти фиксированы; разгибайте предплечья назад, разводя концы каната в конце амплитуды. Пауза 1–2 сек в пик-сокращении. Выполняйте руками поочерёдно, удерживая корпус стабильным.",трицепс,5.0,Cable triceps kickback (rope) — with peak pause — alternating,Средний,Разведение локтей; движение корпусом; излом запястий; отсутствует контроль темпа; отсутствует контроль темпа.
Кикбэк на трицепс с опорой на скамью стоя поочерёдно,4,0,10,3,150,"Опирайтесь на скамью свободной рукой; из положения наклона разгибайте руку с гантелью назад до полного выпрямления. Держите корпус напряжённым и не раскачивайтесь. Выполняйте руками поочерёдно, удерживая корпус стабильным.",трицепс,4.3,Bench-supported dumbbell triceps kickback — standing — alternating,Средний,Округление спины; локоть «уезжает»; махи; отсутствует контроль темпа; отсутствует контроль темпа.
Кикбэк на трицепс в наклоне (поочерёдно) стоя поочерёдно,8,0,12,4,150,"В наклоне разгибайте поочерёдно каждую руку назад, фиксируя локоть и избегая раскачки корпуса. Держите корпус напряжённым и не раскачивайтесь. Выполняйте руками поочерёдно, удерживая корпус стабильным.",трицепс,4.9,Alternating dumbbell triceps kickback — standing — alternating,Средний,Раскачка корпусом; опускание локтя; неполная амплитуда; отсутствует контроль темпа; отсутствует контроль темпа.
Жим штанги лёжа темп 3–1–3 поочерёдно,6,0,6,3,120,"Лягте на скамью, лопатки сведены, стопы упираются; опустите штангу к нижней груди и выжмите вверх, не теряя напряжение. Опускайте 3 сек, пауза 1 сек, поднимайте 3 сек. Выполняйте руками поочерёдно, удерживая корпус стабильным.",грудь/плечи/трицепс,4.3,Barbell bench press — tempo 3–1–3 — alternating,Продвинутый,Развод локтей; отрыв стоп; отскок от груди; гиперпрогиб в пояснице; неполная пауза; отсутствует контроль темпа; отсутствует контроль темпа.
Жим гантелей на наклонной скамье на наклонной скамье 30° поочерёдно,4,0,6,3,60,"Лягте на наклон 30–45°, гантели у груди; выжмите по дуге вверх и сведите без удара, опускайте контролируемо. Контролируйте плечи и ведите по дуге. Выполняйте руками поочерёдно, удерживая корпус стабильным.",верхняя грудь/плечи,4.2,Incline dumbbell press — on 30° incline — alternating,Средний,Сведение с ударом; провал плеч; опускание слишком низко; потеря контроля лопаток; отсутствует контроль темпа; отсутствует контроль темпа.
Разводка гантелей лёжа на наклонной скамье 30° поочерёдно,20,0,8,3,150,"Лягте на скамью, лёгкий сгиб в локтях; разводите руки по широкой дуге до растяжения груди и сводите обратно. Контролируйте плечи и ведите по дуге. Выполняйте руками поочерёдно, удерживая корпус стабильным.",грудь,4.5,Dumbbell flye — on 30° incline — alternating,Средний,Слишком прямые руки; рывки; чрезмерный вес; превращение движения в жим; отсутствует контроль темпа; отсутствует контроль темпа.
Сведение рук в кроссовере нейтральным хватом поочерёдно,4,0,8,5,120,"Встаньте между блоками, корпус слегка наклонён; сводите рукояти по дуге перед грудью, контролируя растяжение и сокращение. Держите запястья ровными и локти стабильными. Выполняйте руками поочерёдно, удерживая корпус стабильным.",грудь,4.3,Cable crossover — neutral-grip — alternating,Новичок,Скручивание корпуса; рывки; сведение за счёт плеч; неверная высота траектории; отсутствует контроль темпа; отсутствует контроль темпа.
Подтягивания медленный негатив поочерёдно,4,0,12,5,60,"Возьмитесь за перекладину пронированным хватом, корпус стабилен; тянитесь грудью к перекладине, опускайтесь до полного выпрямления рук. Опускайтесь 3–5 сек, без рывков. Выполняйте руками поочерёдно, удерживая корпус стабильным.",спина/бицепс,3.9,Pull-up — slow eccentric — alternating,Средний,Недоразгибание локтей; раскачка; подбородок не выше перекладины; не сводите лопатки; отсутствует контроль темпа; отсутствует контроль темпа.
Тяга верхнего блока нейтральным хватом поочерёдно,10,0,15,4,60,"Возьмитесь широким хватом, грудь вперёд; тяните рукоять к верхней груди, сводя лопатки, поднимайте руки контролируемо. Держите запястья ровными и локти стабильными. Выполняйте руками поочерёдно, удерживая корпус стабильным.",широчайшие/бицепс,4.2,Lat pulldown — neutral-grip — alternating,Новичок,Тяга за голову; чрезмерный прогиб; работа руками вместо спины; отбивание веса; отсутствует контроль темпа; отсутствует контроль темпа.
Тяга штанги в наклоне темп 3–1–3 поочерёдно,8,0,6,5,180,"Станьте в наклон 30–45°, спина нейтральна; тяните штангу к нижней части живота, сводя лопатки, опускайте без рывков. Опускайте 3 сек, пауза 1 сек, поднимайте 3 сек. Выполняйте руками поочерёдно, удерживая корпус стабильным.",спина/задняя дельта,4.3,Bent-over barbell row — tempo 3–1–3 — alternating,Продвинутый,Круглая спина; подрыв корпусом; траектория слишком высоко; отсутствие паузы; отсутствует контроль темпа; отсутствует контроль темпа.
Гребля на тренажёре частичная амплитуда поочерёдно,4,20,0,4,180,"Сядьте, стопы закреплены, спина нейтральна; толчок ногами, затем тяга к солнечному сплетению, верните в обратной последовательности. Работайте в целевом диапазоне без рывков. Выполняйте руками поочерёдно, удерживая корпус стабильным.",спина/кардио,4.8,Rowing machine — partial ROM — alternating,Средний,Тянуть одними руками; ранний подсрыв корпусом; провал колен внутрь; сгибание запястий; отсутствует контроль темпа; отсутствует контроль темпа.
Становая тяга темп 3–1–3 поочерёдно,6,0,10,5,150,"Стопы на ширине таза, гриф над серединой стопы; держите спину нейтральной, поднимайте штангу, разгибая колени и бёдра одновременно. Опускайте 3 сек, пауза 1 сек, поднимайте 3 сек. Выполняйте руками поочерёдно, удерживая корпус стабильным.",задняя цепь/спина/ягодицы,4.2,Deadlift — tempo 3–1–3 — alternating,Продвинутый,Округление поясницы; гриф далеко от тела; рывок с пола; перезалом вверху; отсутствует контроль темпа; отсутствует контроль темпа.
Румынская тяга темп 3–1–3 поочерёдно,20,0,8,5,120,"Штанга в руках, колени мягкие; отведите таз назад, опуская штангу вдоль бёдер до натяжения задней поверхности, затем вернитесь. Опускайте 3 сек, пауза 1 сек, поднимайте 3 сек. Выполняйте руками поочерёдно, удерживая корпус стабильным.",бёдра/ягодицы,3.7,Romanian deadlift — tempo 3–1–3 — alternating,Продвинутый,Сильный сгиб коленей; гриф далеко от ног; гиперпрогиб; короткая амплитуда; отсутствует контроль темпа; отсутствует контроль темпа.
Приседания со штангой темп 3–1–3 поочерёдно,20,0,12,5,120,"Стойка на ширине плеч, корпус напряжён; присядьте до параллели, колени по траектории носков, встаньте, сохраняя нейтральную спину. Опускайте 3 сек, пауза 1 сек, поднимайте 3 сек. Выполняйте руками поочерёдно, удерживая корпус стабильным.",квадрицепсы/ягодицы/кор,4.4,Back squat — tempo 3–1–3 — alternating,Продвинутый,Колени заваливаются; пятки отрываются; округление спины; непостоянная глубина; отсутствует контроль темпа; отсутствует контроль темпа.
Жим ногами частичная амплитуда поочерёдно,4,0,8,4,180,"Стопы на платформе, поясница прижата; опускайте платформу до угла 90° в коленях и выжимайте, не выпрямляя колени в «замок». Работайте в целевом диапазоне без рывков. Выполняйте руками поочерёдно, удерживая корпус стабильным.",квадрицепсы/ягодицы,3.5,Leg press — partial ROM — alternating,Средний,Сведение колен; отрыв поясницы; замок в коленях; слишком узкая постановка; отсутствует контроль темпа; отсутствует контроль темпа.
Выпады на наклонной скамье 30° поочерёдно,20,0,8,4,180,"Сделайте широкий шаг вперёд; опуститесь до прямого угла в колене передней ноги, толкнитесь пяткой и вернитесь. Контролируйте плечи и ведите по дуге. Выполняйте руками поочерёдно, удерживая корпус стабильным.",ягодицы/квадрицепсы,5.0,Lunge — on 30° incline — alternating,Средний,Колено заваливается; шаг слишком короткий; чрезмерный наклон корпуса; толчок носком; отсутствует контроль темпа; отсутствует контроль темпа.
Гакк-присед частичная амплитуда поочерёдно,12,0,10,4,150,"Спина прижата к спинке, стопы чуть впереди; присядьте до параллели и выжмите, держа колени в линии носков. Работайте в целевом диапазоне без рывков. Выполняйте руками поочерёдно, удерживая корпус стабильным.",квадрицепсы,4.1,Hack squat — partial ROM — alternating,Средний,Отрыв пяток; колени слишком вперёд; прогиб поясницы; короткая амплитуда; отсутствует контроль темпа; отсутствует контроль темпа.
Сгибания ног лёжа частичная амплитуда поочерёдно,20,0,12,5,60,"Лягте лицом вниз, валики над пятками; сгибайте колени до полного сокращения бицепса бедра и опускайте контролируемо. Работайте в целевом диапазоне без рывков. Выполняйте руками поочерёдно, удерживая корпус стабильным.",бицепс бедра,4.0,Lying leg curl — partial ROM — alternating,Средний,Отрыв таза; рывки; движение тазом; отсутствие паузы; отсутствует контроль темпа; отсутствует контроль темпа.
Разгибания ног частичная амплитуда поочерёдно,20,0,15,5,60,"Сядьте, валик над голенями; разгибайте колени до верхней точки без рывка, опускайте с контролем. Работайте в целевом диапазоне без рывков. Выполняйте руками поочерёдно, удерживая корпус стабильным.",квадрицепсы,5.0,Leg extension — partial ROM — alternating,Средний,Рывки; чрезмерный вес; разведение колен; болтающиеся стопы; отсутствует контроль темпа; отсутствует контроль темпа.
Подъёмы на носки частичная амплитуда поочерёдно,12,0,10,4,60,"Встаньте носками на платформу; поднимайтесь на носки, делая паузу вверху, опускайтесь до растяжения икр. Работайте в целевом диапазоне без рывков. Выполняйте руками поочерёдно, удерживая корпус стабильным.",икры,4.2,Calf raise — partial ROM — alternating,Средний,Короткая амплитуда; пружинение; согнутые колени; разворот носков без контроля; отсутствует контроль темпа; отсутствует контроль темпа.
Жим штанги стоя темп 3–1–3 поочерёдно,16,0,15,3,120,"Стойка на ширине плеч, корпус напряжён; выжмите штангу над головой по прямой и опустите под контроль. Опускайте 3 сек, пауза 1 сек, поднимайте 3 сек. Выполняйте руками поочерёдно, удерживая корпус стабильным.",плечи/трицепс,4.3,Overhead press — tempo 3–1–3 — alternating,Продвинутый,Гиперпрогиб поясницы; дуга траектории; локти назад; задержка дыхания; отсутствует контроль темпа; отсутствует контроль темпа.
Жим гантелей сидя на наклонной скамье 30° поочерёдно,10,0,8,3,180,"Сядьте, лопатки сведены; выжимайте гантели вверх по дуге и опускайте до уровня ушей. Контролируйте плечи и ведите по дуге. Выполняйте руками поочерёдно, удерживая корпус стабильным.",плечи,4.3,Seated dumbbell shoulder press — on 30° incline — alternating,Средний,Сведение с ударом; отрыв поясницы; опускание слишком низко; отсутствует контроль темпа; отсутствует контроль темпа.
